bug_id,title,description,product_module,environment,operating_system,browser,severity,priority,status,leak_type,baseline_memory_mb,peak_memory_mb,memory_growth_rate_mb_per_hr,crash_occurred,reproducible,users_affected,concurrent_users,root_cause_category,created_at,resolved_at
d2cb0208-d7cd-4bcf-a761-dddd9dc0681c,Memory leak detected in MobileApp-Android during stress test,Application memory usage increases steadily over time under load testing conditions.,Data-Pipeline,Development,Android 13,N/A,Low,P1,Open,Heap Leak,240,6574,40.51,True,True,120,518,Thread pool mismanagement,2023-11-24,
680b7d63-1893-4601-8df2-ccca96b6ae43,Memory leak detected in MobileApp-Android during stress test,Application memory usage increases steadily over time under load testing conditions.,API-Gateway,Production,Ubuntu 20.04,Chrome 121,Medium,P1,Resolved,File Handle Leak,459,5823,84.02,True,True,491,782,Unclosed file streams,2023-01-14,2023-02-06
d4ef7aaf-58b2-4794-b56f-60bb5a4b1e96,Memory leak detected in ML-Service during stress test,Application memory usage increases steadily over time under load testing conditions.,MobileApp-iOS,Development,Android 13,Safari 17,Low,P1,Open,Thread Leak,283,1292,127.89,False,False,296,197,Circular dependency in service layer,2023-02-22,
96961a7a-75ee-474d-bbe3-9891ad2b0063,Memory leak detected in WebApp-Core during stress test,Application memory usage increases steadily over time under load testing conditions.,MobileApp-Android,Development,Ubuntu 22.04,Edge 120,Critical,P2,In Progress,File Handle Leak,495,2366,46.96,False,True,344,274,Circular dependency in service layer,2023-02-05,
34825494-643e-4e50-97b0-1a3e45944c39,Memory leak detected in MobileApp-Android during stress test,Application memory usage increases steadily over time under load testing conditions.,MobileApp-Android,Staging,Ubuntu 22.04,Edge 120,Medium,P2,Open,GPU Memory Leak,187,5701,82.45,True,False,206,275,Unreleased object references,2023-12-16,2024-01-05
60f6a995-3c0f-46f4-b19a-9b01c2d23e87,Memory leak detected in Data-Pipeline during stress test,Application memory usage increases steadily over time under load testing conditions.,API-Gateway,Staging,Android 13,Safari 17,Medium,P2,In Progress,GPU Memory Leak,467,7679,50.63,False,False,460,598,Unbounded caching mechanism,2023-04-19,2023-05-08
9d28817a-25c5-4d5c-9c68-663236c7643c,Memory leak detected in WebApp-Core during stress test,Application memory usage increases steadily over time under load testing conditions.,WebApp-Core,Development,Android 13,Firefox 122,Critical,P4,Closed,Cache Leak,352,4674,18.18,False,False,498,567,Unreleased object references,2023-07-05,2023-07-10
208fe9a5-c41b-4ce9-a60f-dfff471cb87c,Memory leak detected in Data-Pipeline during stress test,Application memory usage increases steadily over time under load testing conditions.,MobileApp-iOS,Development,Ubuntu 20.04,Safari 17,Medium,P1,Open,File Handle Leak,374,7748,113.88,True,True,446,641,Unclosed file streams,2023-12-15,2024-01-06
dd3d491c-8925-4e13-a7f8-6182e13b6b80,Memory leak detected in ML-Service during stress test,Application memory usage increases steadily over time under load testing conditions.,ML-Service,Development,macOS Ventura,Edge 120,Critical,P4,Open,File Handle Leak,291,1752,115.56,False,True,30,247,Thread pool mismanagement,2023-11-24,2023-12-01
7856a1eb-b7a2-4db2-8ff1-5e7d03e43e8a,Memory leak detected in ML-Service during stress test,Application memory usage increases steadily over time under load testing conditions.,MobileApp-Android,Development,Android 13,Safari 17,Medium,P2,Closed,GPU Memory Leak,135,4481,146.81,True,False,205,688,Circular dependency in service layer,2023-02-10,
f29b700a-b1bd-44bd-b8be-91300a6071cd,Memory leak detected in WebApp-Core during stress test,Application memory usage increases steadily over time under load testing conditions.,MobileApp-iOS,Development,macOS Ventura,N/A,Medium,P3,Open,Heap Leak,161,4198,40.95,True,True,35,928,Unreleased object references,2023-07-11,2023-07-28
107e41d1-605e-4266-b00e-aa27890c6750,Memory leak detected in MobileApp-Android during stress test,Application memory usage increases steadily over time under load testing conditions.,ML-Service,Development,Android 13,N/A,Critical,P3,Closed,Cache Leak,242,2449,102.0,True,True,50,675,Unbounded caching mechanism,2023-06-19,
6b2671e2-90c7-48e8-873c-79683a8234ab,Memory leak detected in Data-Pipeline during stress test,Application memory usage increases steadily over time under load testing conditions.,Data-Pipeline,Development,Windows 10,Safari 17,High,P4,In Progress,GPU Memory Leak,473,7576,12.85,True,False,72,433,Improper event listener cleanup,2023-07-01,2023-07-16
6131c981-b6f1-45e8-b1cb-6cf1ba449071,Memory leak detected in ML-Service during stress test,Application memory usage increases steadily over time under load testing conditions.,WebApp-Core,Development,Android 13,N/A,Low,P4,In Progress,GPU Memory Leak,326,1117,122.16,False,False,247,219,Unbounded caching mechanism,2023-05-23,2023-06-20
faa5863a-9902-4573-9713-40ac3efc8a4a,Memory leak detected in API-Gateway during stress test,Application memory usage increases steadily over time under load testing conditions.,MobileApp-iOS,Staging,Android 13,N/A,Critical,P3,In Progress,File Handle Leak,299,517,43.45,True,True,297,754,Thread pool mismanagement,2023-01-31,
a82b8476-badb-4ba7-8e6f-6e970307719e,Memory leak detected in ML-Service during stress test,Application memory usage increases steadily over time under load testing conditions.,MobileApp-Android,Development,macOS Ventura,Chrome 121,Medium,P4,Open,GPU Memory Leak,399,910,74.13,False,True,483,912,Thread pool mismanagement,2023-02-01,2023-02-03
9eb93f41-ad66-408d-9ea9-490cd6c668d8,Memory leak detected in ML-Service during stress test,Application memory usage increases steadily over time under load testing conditions.,ML-Service,Production,Ubuntu 20.04,Edge 120,Medium,P2,In Progress,File Handle Leak,141,5573,65.79,False,True,344,661,Unclosed file streams,2023-05-07,2023-05-09
1718914c-1a9a-4021-b125-a3d47b08d7b7,Memory leak detected in ML-Service during stress test,Application memory usage increases steadily over time under load testing conditions.,WebApp-Core,Development,macOS Ventura,Firefox 122,High,P3,Resolved,Heap Leak,104,1094,71.45,True,False,146,162,Unbounded caching mechanism,2023-08-23,2023-09-17
d72b4dd1-bc30-480c-9fea-2e84178eb59d,Memory leak detected in Data-Pipeline during stress test,Application memory usage increases steadily over time under load testing conditions.,ML-Service,Staging,Android 13,Chrome 121,Medium,P2,Open,Heap Leak,434,7111,81.7,True,False,145,620,Improper event listener cleanup,2023-10-06,2023-10-26
4fd0cbdf-3d4d-4dc9-b9a3-2d22cf30945f,Memory leak detected in MobileApp-iOS during stress test,Application memory usage increases steadily over time under load testing conditions.,WebApp-Core,Development,Android 13,Safari 17,High,P4,Open,File Handle Leak,235,7487,78.28,True,False,83,760,Unbounded caching mechanism,2023-06-25,2023-07-16
78ab3325-6e07-4429-befc-3c13021a7693,Memory leak detected in Data-Pipeline during stress test,Application memory usage increases steadily over time under load testing conditions.,MobileApp-Android,Production,Windows 10,Edge 120,Medium,P1,In Progress,Heap Leak,157,579,15.91,False,False,461,956,Unreleased object references,2023-10-10,2023-10-28
ca34104e-52e8-49ac-8573-7ed42e5bab5b,Memory leak detected in ML-Service during stress test,Application memory usage increases steadily over time under load testing conditions.,API-Gateway,Production,Android 13,Firefox 122,Medium,P3,In Progress,Cache Leak,152,5963,56.28,True,True,378,947,Unclosed file streams,2023-07-03,2023-07-11
f82480c4-fee8-494c-bd1c-f65eac2581e8,Memory leak detected in Data-Pipeline during stress test,Application memory usage increases steadily over time under load testing conditions.,WebApp-Core,Staging,iOS 17,Chrome 121,Critical,P3,In Progress,Cache Leak,227,6521,43.69,False,False,421,815,Improper event listener cleanup,2023-07-30,2023-08-27
f52b175f-bac3-4808-a611-c06d8f4b987e,Memory leak detected in WebApp-Core during stress test,Application memory usage increases steadily over time under load testing conditions.,MobileApp-iOS,Staging,Android 13,N/A,Critical,P2,Open,Heap Leak,304,2082,52.6,False,True,298,986,Unclosed file streams,2023-04-25,
68cf5831-1e19-47fc-9de2-4ca2a90332b8,Memory leak detected in MobileApp-iOS during stress test,Application memory usage increases steadily over time under load testing conditions.,API-Gateway,Production,macOS Ventura,Chrome 121,Critical,P3,Resolved,Heap Leak,276,4059,110.64,False,True,267,948,Thread pool mismanagement,2023-01-20,
4efc0388-693b-46a9-9644-d5afaf00eaf0,Memory leak detected in API-Gateway during stress test,Application memory usage increases steadily over time under load testing conditions.,WebApp-Core,Production,Ubuntu 20.04,N/A,High,P4,Resolved,Thread Leak,443,6537,33.57,False,False,168,413,Circular dependency in service layer,2023-12-18,2024-01-11
447859f3-4968-4f5d-8f22-00ead0cd8926,Memory leak detected in Data-Pipeline during stress test,Application memory usage increases steadily over time under load testing conditions.,Data-Pipeline,Development,macOS Ventura,N/A,High,P1,Open,File Handle Leak,440,3944,141.35,False,True,221,805,Thread pool mismanagement,2023-06-01,2023-06-08
84c1e658-4e67-43ec-9568-e3408d7b4a48,Memory leak detected in ML-Service during stress test,Application memory usage increases steadily over time under load testing conditions.,API-Gateway,Production,Windows 11,Chrome 121,High,P2,Open,GPU Memory Leak,326,4119,102.97,False,True,413,204,Improper event listener cleanup,2023-11-07,2023-11-22
bc1e00a4-1f74-4746-9bb6-20e7044372c2,Memory leak detected in WebApp-Core during stress test,Application memory usage increases steadily over time under load testing conditions.,API-Gateway,Staging,Android 13,N/A,Medium,P1,Closed,Cache Leak,412,4392,128.21,True,True,336,705,Unreleased object references,2023-01-13,
9ce9d6eb-4392-4f4d-92fa-89e18acbd200,Memory leak detected in WebApp-Core during stress test,Application memory usage increases steadily over time under load testing conditions.,ML-Service,Development,iOS 17,Chrome 121,Critical,P3,Closed,Thread Leak,456,1940,80.1,False,False,314,835,Circular dependency in service layer,2023-02-24,2023-03-04
4b222cc4-e34a-4735-9270-c3bf9192e249,Memory leak detected in Data-Pipeline during stress test,Application memory usage increases steadily over time under load testing conditions.,API-Gateway,Staging,Ubuntu 20.04,Firefox 122,High,P1,In Progress,File Handle Leak,328,4988,135.1,False,True,366,293,Improper event listener cleanup,2023-09-16,2023-10-16
0b902479-a03e-4bef-a8c1-21590a8b58ea,Memory leak detected in MobileApp-Android during stress test,Application memory usage increases steadily over time under load testing conditions.,API-Gateway,Production,Windows 11,Firefox 122,Low,P1,Closed,File Handle Leak,141,4924,25.06,False,False,32,212,Unbounded caching mechanism,2023-05-20,2023-06-18
f80d5dc6-3f39-44ed-8bff-31e89daff214,Memory leak detected in ML-Service during stress test,Application memory usage increases steadily over time under load testing conditions.,API-Gateway,Staging,Windows 10,Edge 120,High,P1,Closed,Thread Leak,110,6197,129.23,True,False,113,280,Unbounded caching mechanism,2023-07-19,2023-08-07
c8295e48-9eb5-481b-98b0-953edae5993d,Memory leak detected in API-Gateway during stress test,Application memory usage increases steadily over time under load testing conditions.,Data-Pipeline,Development,iOS 17,Safari 17,Medium,P4,Closed,Thread Leak,442,3253,103.48,True,True,330,439,Improper event listener cleanup,2023-09-06,
7869e534-2552-4c45-9ee2-0041e7073bd2,Memory leak detected in API-Gateway during stress test,Application memory usage increases steadily over time under load testing conditions.,MobileApp-iOS,Staging,iOS 17,Safari 17,High,P1,Resolved,Heap Leak,294,2631,52.47,False,True,384,553,Unreleased object references,2023-08-25,
b39e847b-8eaf-4a5c-b592-6666c1b38790,Memory leak detected in WebApp-Core during stress test,Application memory usage increases steadily over time under load testing conditions.,MobileApp-Android,Development,iOS 17,Chrome 121,Medium,P3,In Progress,Cache Leak,433,6899,10.84,True,True,239,717,Unclosed file streams,2023-06-29,2023-07-02
08a06dd9-ec2d-4a6c-b32d-a39e352ca0b6,Memory leak detected in MobileApp-Android during stress test,Application memory usage increases steadily over time under load testing conditions.,MobileApp-iOS,Development,macOS Ventura,Chrome 121,High,P1,Closed,GPU Memory Leak,482,5474,109.16,True,True,53,714,Unclosed file streams,2023-07-08,
35e60e80-8cc9-496c-8592-486e0a01fc61,Memory leak detected in MobileApp-iOS during stress test,Application memory usage increases steadily over time under load testing conditions.,ML-Service,Staging,Android 13,Edge 120,Low,P2,Open,Cache Leak,389,7022,118.48,False,True,222,984,Unclosed file streams,2023-12-17,2023-12-21
6e3cde07-750b-4ece-b42b-4539b6e534ca,Memory leak detected in Data-Pipeline during stress test,Application memory usage increases steadily over time under load testing conditions.,ML-Service,Production,Ubuntu 20.04,N/A,Critical,P1,Closed,Thread Leak,178,6294,68.15,False,False,437,252,Unreleased object references,2023-11-22,2023-12-07
3d580cbe-919b-40ff-9579-a6423c3ee433,Memory leak detected in Data-Pipeline during stress test,Application memory usage increases steadily over time under load testing conditions.,API-Gateway,Staging,Windows 10,Safari 17,High,P3,Closed,GPU Memory Leak,337,6647,87.63,False,False,175,287,Thread pool mismanagement,2023-05-23,2023-05-31
16d94324-0f90-4a7a-bb82-6d2d70e7f2f7,Memory leak detected in WebApp-Core during stress test,Application memory usage increases steadily over time under load testing conditions.,MobileApp-Android,Production,Ubuntu 22.04,Safari 17,Medium,P1,Closed,Cache Leak,364,583,142.47,True,True,151,227,Unbounded caching mechanism,2023-12-26,2024-01-13
f668fbaf-b168-4628-aa4f-16fa0c9ae5c8,Memory leak detected in ML-Service during stress test,Application memory usage increases steadily over time under load testing conditions.,MobileApp-iOS,Staging,Android 13,N/A,High,P2,Closed,File Handle Leak,288,5264,73.62,False,False,119,124,Circular dependency in service layer,2023-12-21,2024-01-12
d6faad4f-1b16-49b8-a030-a33b0f588800,Memory leak detected in MobileApp-Android during stress test,Application memory usage increases steadily over time under load testing conditions.,MobileApp-Android,Production,Ubuntu 22.04,Edge 120,High,P4,In Progress,File Handle Leak,490,4889,105.07,True,False,92,310,Unreleased object references,2023-04-09,2023-05-03
ed93e0a7-2c22-445b-8055-5b6a8b05af9f,Memory leak detected in Data-Pipeline during stress test,Application memory usage increases steadily over time under load testing conditions.,MobileApp-Android,Production,iOS 17,Safari 17,Low,P4,Resolved,Cache Leak,127,872,85.24,False,False,175,189,Unreleased object references,2023-12-29,2024-01-07
7ad1f49c-c4c3-4ecd-95d1-60052c0a5745,Memory leak detected in WebApp-Core during stress test,Application memory usage increases steadily over time under load testing conditions.,ML-Service,Production,Android 13,Chrome 121,Medium,P3,Resolved,Heap Leak,133,1434,63.1,True,True,286,783,Unbounded caching mechanism,2023-05-10,2023-05-26
b522706a-3f74-42d8-b53f-ea5acc1bd33f,Memory leak detected in API-Gateway during stress test,Application memory usage increases steadily over time under load testing conditions.,API-Gateway,Staging,iOS 17,N/A,Critical,P2,Open,Thread Leak,497,2348,80.77,True,True,321,217,Unclosed file streams,2023-11-07,2023-11-27
83039ec6-d863-4418-bf48-8e9d51199a05,Memory leak detected in MobileApp-Android during stress test,Application memory usage increases steadily over time under load testing conditions.,WebApp-Core,Staging,Ubuntu 22.04,N/A,Critical,P2,Open,GPU Memory Leak,188,2464,85.04,False,False,360,881,Unbounded caching mechanism,2023-12-05,
a32b7384-525d-4188-86bf-b66d8770963d,Memory leak detected in MobileApp-Android during stress test,Application memory usage increases steadily over time under load testing conditions.,API-Gateway,Development,macOS Ventura,Firefox 122,Medium,P2,In Progress,Heap Leak,420,2667,90.52,True,True,406,315,Thread pool mismanagement,2023-02-06,2023-03-08
aa34f1d7-2075-43b9-a91e-62a69effdec8,Memory leak detected in Data-Pipeline during stress test,Application memory usage increases steadily over time under load testing conditions.,API-Gateway,Staging,macOS Ventura,N/A,Critical,P1,Open,Thread Leak,339,1518,104.86,True,False,377,331,Thread pool mismanagement,2023-10-19,2023-11-03
cd834a92-6456-4269-b952-215cfac2f2d2,Memory leak detected in ML-Service during stress test,Application memory usage increases steadily over time under load testing conditions.,ML-Service,Development,iOS 17,Edge 120,Low,P3,Closed,Thread Leak,445,2375,126.21,False,False,93,600,Unbounded caching mechanism,2023-05-09,
98103e94-0742-4d30-ba1b-6ab6763c8eca,Memory leak detected in MobileApp-iOS during stress test,Application memory usage increases steadily over time under load testing conditions.,Data-Pipeline,Development,iOS 17,Firefox 122,High,P1,Closed,File Handle Leak,278,4350,64.21,False,True,233,91,Unclosed file streams,2023-11-22,2023-11-25
dcc0c1b2-7bbc-43be-89c9-7ae4e4c5fa93,Memory leak detected in WebApp-Core during stress test,Application memory usage increases steadily over time under load testing conditions.,Data-Pipeline,Production,Ubuntu 22.04,Safari 17,Low,P3,Resolved,Thread Leak,363,3811,124.61,False,False,390,53,Improper event listener cleanup,2023-05-10,2023-06-04
4aa5a43c-927a-4e8c-bfc7-f94f78e5bdbe,Memory leak detected in API-Gateway during stress test,Application memory usage increases steadily over time under load testing conditions.,WebApp-Core,Development,Android 13,N/A,Medium,P3,Resolved,Thread Leak,324,2859,132.72,True,False,48,231,Unreleased object references,2023-05-17,2023-06-16
15c60db9-0219-4212-b63a-9e5709bff2a3,Memory leak detected in Data-Pipeline during stress test,Application memory usage increases steadily over time under load testing conditions.,MobileApp-iOS,Production,Android 13,Edge 120,Critical,P1,Closed,GPU Memory Leak,178,7316,77.26,False,True,197,196,Thread pool mismanagement,2023-08-25,2023-09-15
cc258f8a-8996-4ae9-b978-0841e8d28585,Memory leak detected in API-Gateway during stress test,Application memory usage increases steadily over time under load testing conditions.,MobileApp-iOS,Production,Ubuntu 20.04,Chrome 121,High,P2,Closed,GPU Memory Leak,135,7578,45.06,False,False,177,341,Thread pool mismanagement,2023-09-18,2023-09-23
757b64ad-6b80-4417-89a3-039abd2b0acf,Memory leak detected in MobileApp-Android during stress test,Application memory usage increases steadily over time under load testing conditions.,ML-Service,Staging,Windows 11,Safari 17,Low,P2,Closed,Cache Leak,196,3136,147.21,False,True,254,988,Unreleased object references,2023-10-06,2023-11-05
7b84f601-7acd-4e2e-ba0e-90c23b3a4216,Memory leak detected in API-Gateway during stress test,Application memory usage increases steadily over time under load testing conditions.,WebApp-Core,Production,Ubuntu 22.04,Chrome 121,Medium,P1,In Progress,Heap Leak,151,3219,131.76,False,False,174,639,Circular dependency in service layer,2023-03-06,2023-03-25
25052989-3ccb-4c8e-a234-5bb9c9781cfc,Memory leak detected in API-Gateway during stress test,Application memory usage increases steadily over time under load testing conditions.,MobileApp-iOS,Production,Android 13,Safari 17,Low,P4,In Progress,File Handle Leak,445,3191,129.6,True,True,223,101,Circular dependency in service layer,2023-07-23,2023-08-20
e074e7f8-9725-4a87-8a18-1310e47eadea,Memory leak detected in WebApp-Core during stress test,Application memory usage increases steadily over time under load testing conditions.,WebApp-Core,Staging,iOS 17,Chrome 121,High,P2,Resolved,Cache Leak,455,1862,48.42,True,True,272,422,Thread pool mismanagement,2023-12-27,2024-01-11
d92db69c-ceda-4b40-b7b6-8b3ed5b3767d,Memory leak detected in API-Gateway during stress test,Application memory usage increases steadily over time under load testing conditions.,ML-Service,Production,Windows 11,Safari 17,Medium,P3,Closed,File Handle Leak,140,1934,93.38,False,False,342,10,Unbounded caching mechanism,2023-12-16,2023-12-22
d552da47-f18f-43d8-b204-b3764651177a,Memory leak detected in ML-Service during stress test,Application memory usage increases steadily over time under load testing conditions.,MobileApp-iOS,Production,Ubuntu 22.04,Edge 120,Critical,P2,In Progress,Cache Leak,326,1105,142.06,False,True,122,391,Thread pool mismanagement,2023-05-28,2023-06-03
5f6b29ab-f954-464c-b05a-a694208964f3,Memory leak detected in Data-Pipeline during stress test,Application memory usage increases steadily over time under load testing conditions.,API-Gateway,Staging,Windows 10,N/A,Low,P1,Resolved,GPU Memory Leak,111,2918,146.8,False,True,326,195,Thread pool mismanagement,2023-07-03,2023-07-26
e3f8bbcf-6c7f-4b6e-a579-3bd6e991d8bf,Memory leak detected in MobileApp-Android during stress test,Application memory usage increases steadily over time under load testing conditions.,Data-Pipeline,Development,Android 13,Chrome 121,High,P1,Open,Thread Leak,437,6787,103.72,False,True,47,932,Unclosed file streams,2023-05-09,2023-06-02
1c3242b5-5926-491b-bb8d-1a2e593b3f11,Memory leak detected in MobileApp-iOS during stress test,Application memory usage increases steadily over time under load testing conditions.,ML-Service,Production,Ubuntu 20.04,Firefox 122,High,P1,Resolved,File Handle Leak,167,2144,119.04,True,False,494,78,Improper event listener cleanup,2023-06-17,2023-06-23
3bbdee69-b747-4d25-9427-d62663c3fe8c,Memory leak detected in ML-Service during stress test,Application memory usage increases steadily over time under load testing conditions.,MobileApp-iOS,Development,iOS 17,Safari 17,Low,P2,Open,Cache Leak,303,6024,145.25,False,False,300,391,Circular dependency in service layer,2023-04-26,2023-05-20
26936f00-99ac-4ea3-92ff-1720d77de435,Memory leak detected in ML-Service during stress test,Application memory usage increases steadily over time under load testing conditions.,MobileApp-iOS,Production,Windows 11,Chrome 121,Critical,P2,Closed,Heap Leak,341,2415,8.63,True,True,485,39,Unclosed file streams,2023-07-10,
826c3905-2b8a-4634-a007-20580cb97618,Memory leak detected in API-Gateway during stress test,Application memory usage increases steadily over time under load testing conditions.,MobileApp-iOS,Production,Android 13,N/A,Critical,P3,Closed,Heap Leak,375,2423,24.67,False,False,481,975,Unclosed file streams,2023-09-10,
4e14b100-9002-4d7a-ba60-06a4feed3a67,Memory leak detected in MobileApp-iOS during stress test,Application memory usage increases steadily over time under load testing conditions.,WebApp-Core,Production,Ubuntu 20.04,N/A,High,P4,Closed,File Handle Leak,327,4132,142.83,True,True,486,869,Unbounded caching mechanism,2023-01-17,2023-01-24
8c505c96-f286-4c90-85a7-ad0bdde2717a,Memory leak detected in WebApp-Core during stress test,Application memory usage increases steadily over time under load testing conditions.,MobileApp-iOS,Development,Windows 11,N/A,Medium,P4,In Progress,Thread Leak,405,5738,145.81,True,True,169,793,Improper event listener cleanup,2023-02-16,2023-03-09
e96ead4a-9302-4331-87d3-9b603f548090,Memory leak detected in ML-Service during stress test,Application memory usage increases steadily over time under load testing conditions.,MobileApp-iOS,Development,Windows 10,Chrome 121,Medium,P4,Resolved,GPU Memory Leak,174,7532,148.19,False,True,90,272,Unreleased object references,2023-11-02,
7530e075-258b-4d97-a62f-fa14ab5521e6,Memory leak detected in API-Gateway during stress test,Application memory usage increases steadily over time under load testing conditions.,MobileApp-iOS,Production,macOS Ventura,Chrome 121,Critical,P3,Open,Thread Leak,481,1431,14.22,False,False,330,988,Unreleased object references,2023-03-06,2023-03-23
95ad30b7-0b92-4991-93b8-de2a5deafeaf,Memory leak detected in API-Gateway during stress test,Application memory usage increases steadily over time under load testing conditions.,Data-Pipeline,Staging,Windows 10,Chrome 121,High,P3,Open,GPU Memory Leak,318,3790,104.48,False,False,196,612,Thread pool mismanagement,2023-02-01,2023-03-01
b316d3c5-4d55-4872-95c3-94411ea64a23,Memory leak detected in WebApp-Core during stress test,Application memory usage increases steadily over time under load testing conditions.,Data-Pipeline,Production,iOS 17,N/A,Medium,P1,Closed,GPU Memory Leak,150,4024,120.0,False,False,424,465,Unbounded caching mechanism,2023-05-31,2023-06-20
ad123710-7318-40ee-9d33-157e0b956438,Memory leak detected in MobileApp-iOS during stress test,Application memory usage increases steadily over time under load testing conditions.,MobileApp-Android,Production,Ubuntu 22.04,Chrome 121,Low,P4,Open,Cache Leak,260,3996,101.44,True,False,416,134,Thread pool mismanagement,2023-08-01,2023-08-12
3de91b6f-e9d8-42d0-8c90-a683b2948518,Memory leak detected in API-Gateway during stress test,Application memory usage increases steadily over time under load testing conditions.,MobileApp-iOS,Production,iOS 17,Safari 17,Low,P2,Resolved,File Handle Leak,268,5101,102.15,True,True,80,673,Unbounded caching mechanism,2023-01-31,2023-02-18
7ac5849f-82bf-4d51-a186-47c284fef900,Memory leak detected in MobileApp-iOS during stress test,Application memory usage increases steadily over time under load testing conditions.,ML-Service,Development,iOS 17,Safari 17,Low,P2,Open,GPU Memory Leak,384,7425,58.3,False,False,472,348,Unclosed file streams,2023-04-25,2023-05-07
8238ec44-cf70-41a1-aecc-12c6fcad832f,Memory leak detected in WebApp-Core during stress test,Application memory usage increases steadily over time under load testing conditions.,MobileApp-Android,Production,Android 13,Chrome 121,Low,P3,Closed,Cache Leak,389,1673,100.31,False,False,81,379,Unclosed file streams,2023-01-04,
deaed002-64c5-481b-ab19-81bcc14c9653,Memory leak detected in MobileApp-Android during stress test,Application memory usage increases steadily over time under load testing conditions.,MobileApp-Android,Production,Windows 10,Chrome 121,High,P1,Closed,Cache Leak,143,5384,133.08,False,False,140,221,Thread pool mismanagement,2023-06-16,2023-07-05
a3a13a15-93ba-44bf-ae3f-27ade6c7de7d,Memory leak detected in API-Gateway during stress test,Application memory usage increases steadily over time under load testing conditions.,ML-Service,Production,Ubuntu 20.04,Chrome 121,Medium,P1,Open,Heap Leak,447,2820,103.38,True,False,485,217,Improper event listener cleanup,2023-02-28,2023-03-04
ba1e6497-f6e6-4740-bde6-b7e06d419d38,Memory leak detected in MobileApp-Android during stress test,Application memory usage increases steadily over time under load testing conditions.,MobileApp-Android,Staging,macOS Ventura,Firefox 122,High,P4,Closed,Heap Leak,354,563,113.32,False,True,236,944,Unreleased object references,2023-05-11,2023-05-15
0b9122b6-42c6-407d-b5ef-aab416e4efb7,Memory leak detected in MobileApp-iOS during stress test,Application memory usage increases steadily over time under load testing conditions.,WebApp-Core,Staging,Windows 10,Edge 120,Medium,P1,Resolved,Heap Leak,463,3813,97.82,False,True,125,447,Thread pool mismanagement,2023-06-10,2023-06-29
c1fa29fb-c4b9-4553-85dd-36d7d625338b,Memory leak detected in MobileApp-Android during stress test,Application memory usage increases steadily over time under load testing conditions.,MobileApp-iOS,Development,Windows 10,N/A,Low,P3,Resolved,File Handle Leak,258,7631,113.14,True,True,53,150,Unclosed file streams,2023-07-25,2023-08-07
b3631017-3e27-462f-a536-e5ed5a4f384e,Memory leak detected in WebApp-Core during stress test,Application memory usage increases steadily over time under load testing conditions.,MobileApp-Android,Production,Ubuntu 22.04,Safari 17,Critical,P2,Resolved,GPU Memory Leak,489,1752,115.08,False,True,241,453,Circular dependency in service layer,2023-04-12,
a8358ad9-a1c1-434f-9cba-e895e7edbde8,Memory leak detected in MobileApp-iOS during stress test,Application memory usage increases steadily over time under load testing conditions.,API-Gateway,Staging,Windows 10,Chrome 121,High,P2,Open,Heap Leak,280,960,78.56,False,False,298,568,Circular dependency in service layer,2023-06-05,2023-06-24
5387ebe8-91e4-4d2b-9c2e-12b80b61684c,Memory leak detected in ML-Service during stress test,Application memory usage increases steadily over time under load testing conditions.,API-Gateway,Production,Windows 11,Chrome 121,Critical,P4,Resolved,Heap Leak,433,5183,32.29,True,True,127,725,Unbounded caching mechanism,2023-01-22,2023-02-17
410552bf-edfd-4ce9-8abe-a5a68b82396b,Memory leak detected in MobileApp-iOS during stress test,Application memory usage increases steadily over time under load testing conditions.,API-Gateway,Staging,iOS 17,Edge 120,Low,P2,Open,File Handle Leak,286,1800,59.06,True,False,146,259,Circular dependency in service layer,2023-08-13,2023-09-02
394fa886-d40e-4b3e-960c-333723c2a168,Memory leak detected in ML-Service during stress test,Application memory usage increases steadily over time under load testing conditions.,Data-Pipeline,Development,Ubuntu 20.04,Edge 120,Critical,P3,Open,File Handle Leak,176,7653,53.34,False,False,417,131,Circular dependency in service layer,2023-12-03,2023-12-23
28699276-9949-422b-a23c-e8bed0016c13,Memory leak detected in Data-Pipeline during stress test,Application memory usage increases steadily over time under load testing conditions.,API-Gateway,Production,Ubuntu 20.04,Chrome 121,High,P2,In Progress,GPU Memory Leak,369,6114,18.55,False,False,99,232,Improper event listener cleanup,2023-12-26,2024-01-19
b344657f-45b4-4330-8606-11c6c127c494,Memory leak detected in ML-Service during stress test,Application memory usage increases steadily over time under load testing conditions.,Data-Pipeline,Production,Windows 10,Edge 120,Medium,P1,In Progress,GPU Memory Leak,151,7417,78.62,True,True,370,449,Unreleased object references,2023-03-21,
1946d0bc-c0c3-4575-9808-8467dbe7620a,Memory leak detected in Data-Pipeline during stress test,Application memory usage increases steadily over time under load testing conditions.,API-Gateway,Development,macOS Ventura,Firefox 122,High,P1,In Progress,File Handle Leak,327,2445,93.54,False,False,394,289,Unbounded caching mechanism,2023-07-30,2023-08-23
d68557d4-a883-48b5-9846-9f12a6b052db,Memory leak detected in MobileApp-Android during stress test,Application memory usage increases steadily over time under load testing conditions.,MobileApp-iOS,Development,Android 13,Safari 17,High,P4,Open,File Handle Leak,202,7191,121.18,True,True,140,461,Thread pool mismanagement,2023-09-15,2023-09-21
a64fb13c-9b89-4558-84ea-88522ca25430,Memory leak detected in MobileApp-iOS during stress test,Application memory usage increases steadily over time under load testing conditions.,WebApp-Core,Staging,Windows 10,Safari 17,High,P3,Closed,Heap Leak,213,7958,123.42,False,True,15,327,Unreleased object references,2023-03-17,2023-03-20
e50d6c45-799f-40e0-b547-4d3106af308f,Memory leak detected in API-Gateway during stress test,Application memory usage increases steadily over time under load testing conditions.,Data-Pipeline,Development,iOS 17,Safari 17,Critical,P4,Open,Heap Leak,170,1696,10.55,False,True,428,154,Thread pool mismanagement,2024-01-01,2024-01-27
d7ccbf57-e399-4d43-a651-c1e68b100743,Memory leak detected in WebApp-Core during stress test,Application memory usage increases steadily over time under load testing conditions.,WebApp-Core,Development,Ubuntu 22.04,N/A,Critical,P4,Open,Cache Leak,247,6858,39.46,True,True,368,148,Unclosed file streams,2023-11-08,2023-11-12
07541c61-371e-40a1-960e-f0ed6f1c5113,Memory leak detected in MobileApp-Android during stress test,Application memory usage increases steadily over time under load testing conditions.,Data-Pipeline,Production,Windows 10,N/A,High,P4,Open,Cache Leak,223,3390,87.75,False,True,326,397,Unclosed file streams,2023-08-08,
3a23d07b-389d-4dac-a4e9-180fca19658c,Memory leak detected in Data-Pipeline during stress test,Application memory usage increases steadily over time under load testing conditions.,Data-Pipeline,Production,Windows 10,N/A,High,P3,Open,File Handle Leak,134,6959,55.0,False,True,426,798,Circular dependency in service layer,2023-05-10,2023-05-22
144c5c39-4800-4cda-a34d-f9ed290d17d5,Memory leak detected in WebApp-Core during stress test,Application memory usage increases steadily over time under load testing conditions.,Data-Pipeline,Staging,Windows 10,Edge 120,Medium,P4,In Progress,Heap Leak,193,5675,122.67,False,False,264,408,Thread pool mismanagement,2023-08-26,2023-09-11
c724fe82-ca67-4e1a-a074-ec35a6c1a053,Memory leak detected in WebApp-Core during stress test,Application memory usage increases steadily over time under load testing conditions.,Data-Pipeline,Staging,Ubuntu 20.04,Chrome 121,High,P1,Closed,Cache Leak,197,5799,46.49,False,False,499,192,Unbounded caching mechanism,2023-08-31,2023-09-25
ea9e2087-9d6d-478e-966a-5d43d20c3ef0,Memory leak detected in WebApp-Core during stress test,Application memory usage increases steadily over time under load testing conditions.,Data-Pipeline,Staging,Windows 10,Safari 17,Medium,P2,Resolved,Heap Leak,365,7031,43.67,True,False,339,303,Unclosed file streams,2023-12-21,2024-01-20
43bbdd09-2093-44de-b08a-7f53748b0717,Memory leak detected in API-Gateway during stress test,Application memory usage increases steadily over time under load testing conditions.,WebApp-Core,Production,iOS 17,Edge 120,Critical,P2,Open,Heap Leak,453,1865,69.37,False,False,263,821,Circular dependency in service layer,2023-08-17,2023-08-31
9b60b72f-af4d-4f8a-92c9-52351011b7b7,Memory leak detected in Data-Pipeline during stress test,Application memory usage increases steadily over time under load testing conditions.,API-Gateway,Development,Windows 11,Chrome 121,Medium,P2,Resolved,Cache Leak,173,755,128.06,True,True,348,461,Unclosed file streams,2023-12-14,
d3df674e-76be-446a-a756-e2b7c5f0ab0e,Memory leak detected in API-Gateway during stress test,Application memory usage increases steadily over time under load testing conditions.,MobileApp-iOS,Production,Ubuntu 20.04,Firefox 122,Low,P4,In Progress,Cache Leak,170,5201,81.77,False,True,135,794,Unclosed file streams,2023-07-10,2023-07-13
94e80b77-fcd0-4c4b-bd40-0f00a8a615cf,Memory leak detected in API-Gateway during stress test,Application memory usage increases steadily over time under load testing conditions.,MobileApp-Android,Development,Windows 11,Chrome 121,Critical,P3,Closed,Heap Leak,455,2839,137.89,False,False,364,67,Thread pool mismanagement,2023-12-27,2024-01-16
2ae82d05-7335-4dbd-8df5-febede7cf31e,Memory leak detected in Data-Pipeline during stress test,Application memory usage increases steadily over time under load testing conditions.,Data-Pipeline,Development,iOS 17,Edge 120,Medium,P4,In Progress,GPU Memory Leak,180,7474,108.21,True,False,14,370,Thread pool mismanagement,2023-10-05,2023-10-15
a31b7b4f-7f4e-497c-94df-94d6b5f058b4,Memory leak detected in WebApp-Core during stress test,Application memory usage increases steadily over time under load testing conditions.,WebApp-Core,Staging,Ubuntu 22.04,Safari 17,Critical,P1,Open,GPU Memory Leak,166,5019,93.73,False,True,231,478,Circular dependency in service layer,2023-10-21,2023-11-16
bf18bbe3-3132-412b-967f-a9506d915408,Memory leak detected in ML-Service during stress test,Application memory usage increases steadily over time under load testing conditions.,MobileApp-Android,Development,Ubuntu 22.04,N/A,Low,P4,In Progress,File Handle Leak,499,7291,84.94,True,True,166,958,Circular dependency in service layer,2023-09-22,2023-10-21
92f31dbf-f81d-4e6b-9c65-a4f02051c9a4,Memory leak detected in MobileApp-iOS during stress test,Application memory usage increases steadily over time under load testing conditions.,MobileApp-Android,Production,macOS Ventura,Edge 120,Medium,P2,Open,Thread Leak,245,7831,127.66,True,True,88,675,Thread pool mismanagement,2023-04-26,2023-05-13
0a38d99e-3f04-403a-ae93-d9546c899cad,Memory leak detected in WebApp-Core during stress test,Application memory usage increases steadily over time under load testing conditions.,WebApp-Core,Development,Android 13,N/A,High,P3,Closed,Thread Leak,121,5117,124.66,True,False,456,643,Thread pool mismanagement,2023-11-06,2023-12-06
65086db5-338f-421c-a01d-f3cfd48d84a8,Memory leak detected in Data-Pipeline during stress test,Application memory usage increases steadily over time under load testing conditions.,API-Gateway,Staging,Ubuntu 22.04,Chrome 121,Low,P3,Closed,Cache Leak,225,4456,121.68,False,False,105,349,Thread pool mismanagement,2023-05-29,2023-06-08
3096e10f-b255-4955-a5a7-ed9955db0448,Memory leak detected in MobileApp-iOS during stress test,Application memory usage increases steadily over time under load testing conditions.,API-Gateway,Development,iOS 17,Edge 120,Low,P2,In Progress,Cache Leak,475,3115,148.26,True,False,231,254,Improper event listener cleanup,2023-03-15,2023-04-07
0015b8be-cc2f-4514-828f-3f16efc99b92,Memory leak detected in MobileApp-Android during stress test,Application memory usage increases steadily over time under load testing conditions.,MobileApp-iOS,Production,Android 13,Edge 120,Medium,P3,Closed,Thread Leak,415,3646,65.63,False,False,451,316,Unbounded caching mechanism,2023-02-19,
f2676599-9df5-4e22-a727-7305b6477c36,Memory leak detected in MobileApp-Android during stress test,Application memory usage increases steadily over time under load testing conditions.,MobileApp-Android,Production,Ubuntu 20.04,Chrome 121,Low,P2,Closed,Thread Leak,358,3721,71.3,False,False,275,9,Unreleased object references,2023-01-12,
82e0bc03-a7e2-444f-9e2a-1b85acb1612d,Memory leak detected in API-Gateway during stress test,Application memory usage increases steadily over time under load testing conditions.,MobileApp-iOS,Development,Ubuntu 22.04,Chrome 121,Medium,P2,Resolved,Heap Leak,472,2666,58.04,False,False,392,564,Unclosed file streams,2023-08-09,
c84f4a0c-be32-4b93-9565-9979e1bfb7cb,Memory leak detected in MobileApp-iOS during stress test,Application memory usage increases steadily over time under load testing conditions.,ML-Service,Staging,iOS 17,Firefox 122,Medium,P1,Open,Heap Leak,149,1554,62.12,True,True,366,342,Unbounded caching mechanism,2023-11-16,2023-11-20
fd297888-695d-4d43-8ac8-70fab78597c5,Memory leak detected in ML-Service during stress test,Application memory usage increases steadily over time under load testing conditions.,MobileApp-iOS,Development,Ubuntu 22.04,N/A,High,P2,Closed,Thread Leak,363,7816,25.27,False,False,418,18,Unclosed file streams,2023-09-23,2023-10-13
04e31bdf-059d-4433-9408-389e5a016f26,Memory leak detected in Data-Pipeline during stress test,Application memory usage increases steadily over time under load testing conditions.,Data-Pipeline,Production,Windows 10,N/A,Critical,P2,In Progress,Heap Leak,257,5281,120.53,False,True,269,645,Circular dependency in service layer,2023-06-19,2023-07-03
6283e1d0-751c-44c5-a44c-406703754c61,Memory leak detected in ML-Service during stress test,Application memory usage increases steadily over time under load testing conditions.,Data-Pipeline,Development,Windows 11,Chrome 121,Critical,P2,Closed,GPU Memory Leak,448,1710,40.12,False,True,211,514,Thread pool mismanagement,2023-11-14,2023-11-27
f11197a3-4e5a-45e2-a522-19d57009d70a,Memory leak detected in ML-Service during stress test,Application memory usage increases steadily over time under load testing conditions.,MobileApp-Android,Production,Ubuntu 20.04,Safari 17,Critical,P2,In Progress,Cache Leak,131,6458,107.34,False,False,347,791,Circular dependency in service layer,2023-08-30,2023-09-23
82ca638f-3557-4222-b3d4-9093b86e2419,Memory leak detected in MobileApp-Android during stress test,Application memory usage increases steadily over time under load testing conditions.,MobileApp-iOS,Production,Ubuntu 20.04,Firefox 122,High,P2,In Progress,Cache Leak,412,2665,75.21,False,False,179,574,Circular dependency in service layer,2023-12-15,2024-01-07
6a36326f-9ecb-4e87-bc13-fb94bd856510,Memory leak detected in API-Gateway during stress test,Application memory usage increases steadily over time under load testing conditions.,MobileApp-iOS,Development,Ubuntu 20.04,Chrome 121,High,P4,Resolved,Cache Leak,378,6042,60.06,False,False,110,207,Thread pool mismanagement,2023-05-21,2023-06-09
93b26bf7-7c69-418a-8262-24ee50be3f1a,Memory leak detected in Data-Pipeline during stress test,Application memory usage increases steadily over time under load testing conditions.,ML-Service,Development,Windows 11,Chrome 121,Medium,P3,Open,Heap Leak,170,2725,20.84,False,False,368,484,Unreleased object references,2023-05-19,2023-06-11
854b1378-4f7d-4957-8c3b-22c8d6cd1fbb,Memory leak detected in API-Gateway during stress test,Application memory usage increases steadily over time under load testing conditions.,API-Gateway,Production,Windows 11,Edge 120,High,P2,Open,Heap Leak,180,5008,64.0,True,True,468,944,Improper event listener cleanup,2023-12-15,2023-12-16
4db118ec-493f-4d81-b7b0-63468ecb008a,Memory leak detected in MobileApp-Android during stress test,Application memory usage increases steadily over time under load testing conditions.,Data-Pipeline,Staging,Windows 10,Chrome 121,High,P4,Resolved,File Handle Leak,303,797,119.25,False,False,456,962,Improper event listener cleanup,2023-08-02,2023-08-08
23b39d44-3b36-4771-b8de-97b69776c4ce,Memory leak detected in Data-Pipeline during stress test,Application memory usage increases steadily over time under load testing conditions.,API-Gateway,Production,Ubuntu 20.04,Firefox 122,Low,P2,Resolved,Thread Leak,157,7125,52.95,True,True,313,877,Circular dependency in service layer,2023-09-16,2023-09-23
b568611c-ba12-43bc-93ad-42f6c6949292,Memory leak detected in WebApp-Core during stress test,Application memory usage increases steadily over time under load testing conditions.,MobileApp-Android,Development,Ubuntu 22.04,Edge 120,Medium,P4,Resolved,Cache Leak,144,3186,63.12,True,False,386,274,Unclosed file streams,2023-07-27,2023-08-13
dd18d8d3-119c-447f-87ad-9df37673efb1,Memory leak detected in Data-Pipeline during stress test,Application memory usage increases steadily over time under load testing conditions.,MobileApp-Android,Development,Android 13,Chrome 121,Critical,P2,In Progress,Cache Leak,233,593,99.78,False,True,328,939,Unclosed file streams,2023-06-04,2023-06-23
ba030328-af1a-446b-b1d8-9134e5d99846,Memory leak detected in Data-Pipeline during stress test,Application memory usage increases steadily over time under load testing conditions.,ML-Service,Staging,Ubuntu 22.04,N/A,Critical,P3,In Progress,Thread Leak,344,1594,27.21,True,False,271,721,Unclosed file streams,2023-07-08,2023-07-16
177c2cb0-c7b9-44da-9a7d-dc0902b5764a,Memory leak detected in MobileApp-Android during stress test,Application memory usage increases steadily over time under load testing conditions.,ML-Service,Production,Windows 11,Firefox 122,High,P1,Open,GPU Memory Leak,380,1005,135.92,False,True,461,523,Unbounded caching mechanism,2023-02-09,2023-02-13
f7bc4f01-e3be-4ff3-a7ff-b9ba4dcd8751,Memory leak detected in ML-Service during stress test,Application memory usage increases steadily over time under load testing conditions.,API-Gateway,Production,iOS 17,Edge 120,Low,P1,Resolved,Heap Leak,333,3903,86.77,True,True,24,434,Unclosed file streams,2023-01-29,2023-02-15
ec25e790-5905-47b4-895c-46bf181ba24e,Memory leak detected in API-Gateway during stress test,Application memory usage increases steadily over time under load testing conditions.,WebApp-Core,Staging,Ubuntu 22.04,Firefox 122,Medium,P1,Resolved,Cache Leak,135,993,147.99,False,False,193,83,Circular dependency in service layer,2023-12-25,
45e6a02b-dd1b-4408-826c-aa3a82652444,Memory leak detected in ML-Service during stress test,Application memory usage increases steadily over time under load testing conditions.,API-Gateway,Production,Windows 11,Firefox 122,Low,P4,Resolved,Cache Leak,278,5853,22.2,False,False,422,236,Improper event listener cleanup,2023-12-05,2023-12-10
9a0c45e3-e971-4200-8b20-b8ab213ef475,Memory leak detected in WebApp-Core during stress test,Application memory usage increases steadily over time under load testing conditions.,Data-Pipeline,Staging,macOS Ventura,Chrome 121,Medium,P3,Open,Heap Leak,471,2044,116.0,True,False,307,689,Circular dependency in service layer,2023-08-24,2023-09-02
d09cacd7-f327-4679-9d24-defcb39144d2,Memory leak detected in MobileApp-Android during stress test,Application memory usage increases steadily over time under load testing conditions.,WebApp-Core,Development,macOS Ventura,Edge 120,Medium,P2,Resolved,GPU Memory Leak,324,3795,38.98,False,True,339,534,Improper event listener cleanup,2023-01-25,2023-01-27
7b3b3fed-71aa-424f-9df8-475877dc6222,Memory leak detected in MobileApp-Android during stress test,Application memory usage increases steadily over time under load testing conditions.,Data-Pipeline,Production,Ubuntu 22.04,N/A,Critical,P4,Resolved,Cache Leak,402,5060,132.56,False,False,210,153,Unclosed file streams,2023-07-31,2023-08-02
dc0909ac-fade-4e67-8f67-39f480da86f1,Memory leak detected in MobileApp-Android during stress test,Application memory usage increases steadily over time under load testing conditions.,MobileApp-iOS,Production,Windows 11,Safari 17,Low,P1,Closed,Thread Leak,342,4906,39.94,True,False,125,262,Improper event listener cleanup,2023-07-12,
09334e8b-fad8-45a9-b776-11a08971fc30,Memory leak detected in Data-Pipeline during stress test,Application memory usage increases steadily over time under load testing conditions.,MobileApp-Android,Development,Ubuntu 20.04,Safari 17,Low,P4,In Progress,Thread Leak,289,4184,18.41,True,False,107,891,Unclosed file streams,2023-06-19,2023-07-19
ace83291-ed46-4746-9288-cfdb0483bb16,Memory leak detected in WebApp-Core during stress test,Application memory usage increases steadily over time under load testing conditions.,Data-Pipeline,Staging,Windows 11,N/A,Medium,P1,In Progress,Thread Leak,197,2235,144.5,False,False,195,478,Thread pool mismanagement,2023-06-05,2023-06-06
a9f6f1d8-4003-401d-bdd5-c2ac69d6fd7c,Memory leak detected in API-Gateway during stress test,Application memory usage increases steadily over time under load testing conditions.,WebApp-Core,Production,Ubuntu 22.04,Edge 120,Medium,P2,Resolved,Cache Leak,362,3446,133.01,True,True,380,150,Unreleased object references,2023-11-29,2023-12-08
f6ecac60-80d3-495b-b2cc-0d2d0b491090,Memory leak detected in MobileApp-Android during stress test,Application memory usage increases steadily over time under load testing conditions.,MobileApp-Android,Staging,Windows 11,Safari 17,Medium,P1,Resolved,File Handle Leak,468,5244,65.55,False,False,236,173,Circular dependency in service layer,2023-05-14,2023-06-02
3b4c2a1a-6699-4095-a4d5-5e096bd19f46,Memory leak detected in ML-Service during stress test,Application memory usage increases steadily over time under load testing conditions.,Data-Pipeline,Development,macOS Ventura,Chrome 121,Low,P4,Open,Cache Leak,379,6400,75.81,True,True,35,725,Improper event listener cleanup,2023-06-30,
3b795bea-7ab0-421b-8366-94745dc69e2d,Memory leak detected in Data-Pipeline during stress test,Application memory usage increases steadily over time under load testing conditions.,ML-Service,Staging,Android 13,Safari 17,Low,P4,Closed,Heap Leak,130,3557,94.59,True,False,275,294,Unreleased object references,2023-01-05,2023-01-20
adfe48ae-6925-4d80-a691-73f8a324676f,Memory leak detected in WebApp-Core during stress test,Application memory usage increases steadily over time under load testing conditions.,ML-Service,Development,Windows 11,Firefox 122,High,P2,Resolved,Cache Leak,191,4027,20.52,True,False,492,416,Unbounded caching mechanism,2023-09-15,2023-10-07
76f11971-4a27-40e6-bc2e-31929df494fa,Memory leak detected in WebApp-Core during stress test,Application memory usage increases steadily over time under load testing conditions.,Data-Pipeline,Production,iOS 17,Chrome 121,Low,P1,Closed,Cache Leak,253,2350,104.19,False,True,327,10,Circular dependency in service layer,2023-10-17,2023-11-09
575582c1-dec2-4e93-a3b5-8ff6945b1e8e,Memory leak detected in MobileApp-iOS during stress test,Application memory usage increases steadily over time under load testing conditions.,ML-Service,Development,macOS Ventura,Chrome 121,Medium,P3,Closed,File Handle Leak,322,7424,98.51,True,True,351,948,Unclosed file streams,2023-03-29,
401de023-1cb4-44f9-8116-8a8323800742,Memory leak detected in MobileApp-Android during stress test,Application memory usage increases steadily over time under load testing conditions.,ML-Service,Development,iOS 17,Safari 17,Low,P2,In Progress,Thread Leak,261,1969,7.27,True,False,347,919,Thread pool mismanagement,2023-10-06,2023-10-08
f35be213-5cce-4309-9cd2-00b46db9eef1,Memory leak detected in ML-Service during stress test,Application memory usage increases steadily over time under load testing conditions.,Data-Pipeline,Staging,Windows 10,Chrome 121,Critical,P3,Open,File Handle Leak,452,1646,110.0,False,False,16,650,Unclosed file streams,2023-06-19,2023-07-13
4a3146e1-e7bf-4755-946c-e323d3b82ddd,Memory leak detected in Data-Pipeline during stress test,Application memory usage increases steadily over time under load testing conditions.,ML-Service,Production,Ubuntu 22.04,Chrome 121,High,P3,Open,Heap Leak,292,5030,67.62,False,True,195,729,Circular dependency in service layer,2023-08-19,2023-08-31
217f2275-6887-47ef-8bfa-0a8aed663cb2,Memory leak detected in MobileApp-iOS during stress test,Application memory usage increases steadily over time under load testing conditions.,API-Gateway,Staging,iOS 17,Edge 120,Low,P3,Open,GPU Memory Leak,154,3454,18.27,False,False,286,569,Thread pool mismanagement,2023-03-20,2023-03-31
44f89480-4413-48f3-a00b-e779db6cdf4b,Memory leak detected in ML-Service during stress test,Application memory usage increases steadily over time under load testing conditions.,ML-Service,Staging,iOS 17,Safari 17,Low,P2,Closed,Cache Leak,281,1234,85.36,True,True,293,534,Improper event listener cleanup,2023-07-28,
2050e7d6-cdbf-4c39-bf4c-e368219b932a,Memory leak detected in MobileApp-Android during stress test,Application memory usage increases steadily over time under load testing conditions.,WebApp-Core,Development,Ubuntu 22.04,Edge 120,Critical,P2,Closed,Heap Leak,254,2702,43.92,False,False,484,253,Circular dependency in service layer,2023-12-17,2023-12-22
e803ee83-8e86-42ab-812d-0770a3b4a0d9,Memory leak detected in MobileApp-iOS during stress test,Application memory usage increases steadily over time under load testing conditions.,WebApp-Core,Staging,Ubuntu 20.04,N/A,Critical,P2,Closed,File Handle Leak,334,2101,20.51,False,True,154,329,Thread pool mismanagement,2023-11-17,2023-12-07
b5152ded-3d3b-40c8-ad51-28e6de7f9924,Memory leak detected in MobileApp-iOS during stress test,Application memory usage increases steadily over time under load testing conditions.,Data-Pipeline,Production,Android 13,Safari 17,Medium,P2,Closed,File Handle Leak,303,1955,145.47,False,False,59,955,Thread pool mismanagement,2023-12-22,2024-01-02
b56dda20-bfe1-4fc0-9fcc-7bc6262cc33b,Memory leak detected in WebApp-Core during stress test,Application memory usage increases steadily over time under load testing conditions.,Data-Pipeline,Staging,Android 13,Firefox 122,Critical,P2,Open,Cache Leak,449,1973,116.3,False,True,325,311,Improper event listener cleanup,2023-04-13,2023-05-01
b5703e9b-0657-4ebd-a412-e88e75c3d954,Memory leak detected in ML-Service during stress test,Application memory usage increases steadily over time under load testing conditions.,API-Gateway,Production,Ubuntu 22.04,N/A,Critical,P4,Resolved,Thread Leak,293,3966,15.72,True,True,394,255,Circular dependency in service layer,2023-05-10,2023-06-02
426a07e2-8799-425e-a82b-95f4a535e287,Memory leak detected in Data-Pipeline during stress test,Application memory usage increases steadily over time under load testing conditions.,Data-Pipeline,Production,Ubuntu 22.04,Edge 120,Critical,P4,Open,Heap Leak,122,5519,86.67,False,True,262,765,Thread pool mismanagement,2023-12-07,2023-12-28
2c2773fe-7013-41ef-8e4e-05c4063a35ac,Memory leak detected in API-Gateway during stress test,Application memory usage increases steadily over time under load testing conditions.,Data-Pipeline,Production,Android 13,N/A,Medium,P2,Open,Cache Leak,328,2310,59.25,True,False,213,943,Unreleased object references,2023-10-13,2023-11-01
6f2c9d3f-d15b-4d5c-9189-6108064382d8,Memory leak detected in API-Gateway during stress test,Application memory usage increases steadily over time under load testing conditions.,MobileApp-Android,Production,Ubuntu 22.04,Edge 120,Critical,P4,Closed,Cache Leak,278,1660,50.22,False,True,154,46,Circular dependency in service layer,2023-03-01,2023-03-25
68fef08a-15ee-4a29-b4de-4ff1b94fe787,Memory leak detected in MobileApp-Android during stress test,Application memory usage increases steadily over time under load testing conditions.,Data-Pipeline,Development,macOS Ventura,Firefox 122,Medium,P2,Closed,Cache Leak,431,3310,20.86,True,False,323,189,Improper event listener cleanup,2023-02-28,
a2114b83-38e3-4ef6-a1da-ba0ae4dacf46,Memory leak detected in MobileApp-Android during stress test,Application memory usage increases steadily over time under load testing conditions.,API-Gateway,Production,Ubuntu 22.04,Safari 17,Low,P3,In Progress,File Handle Leak,477,739,94.05,True,True,410,893,Thread pool mismanagement,2023-11-24,2023-12-07
0aa0d8ff-a0a1-4a6e-9169-3e0553b2f2c5,Memory leak detected in API-Gateway during stress test,Application memory usage increases steadily over time under load testing conditions.,ML-Service,Production,Ubuntu 20.04,N/A,Critical,P1,Open,File Handle Leak,158,4248,43.04,False,False,317,177,Circular dependency in service layer,2023-04-06,2023-04-13
5a13da9f-6fad-43b7-ad38-e3e987c72671,Memory leak detected in MobileApp-Android during stress test,Application memory usage increases steadily over time under load testing conditions.,MobileApp-iOS,Development,Windows 11,Edge 120,Low,P3,Resolved,GPU Memory Leak,402,5533,17.29,False,False,306,142,Thread pool mismanagement,2023-12-28,2024-01-27
41da2eb8-dc96-45b3-812c-36fd9d078f00,Memory leak detected in Data-Pipeline during stress test,Application memory usage increases steadily over time under load testing conditions.,MobileApp-Android,Production,Windows 11,Safari 17,High,P3,In Progress,File Handle Leak,375,5706,105.55,False,True,444,368,Unreleased object references,2023-07-16,2023-08-01
4469d52b-c76d-40c9-a74b-b2e8988e9c37,Memory leak detected in ML-Service during stress test,Application memory usage increases steadily over time under load testing conditions.,Data-Pipeline,Staging,Ubuntu 22.04,Safari 17,Critical,P1,Closed,GPU Memory Leak,296,7178,144.76,True,True,408,780,Improper event listener cleanup,2023-09-06,
baf1766c-cd6b-441d-bc0c-29e4bcfcc276,Memory leak detected in API-Gateway during stress test,Application memory usage increases steadily over time under load testing conditions.,ML-Service,Production,iOS 17,Safari 17,Low,P4,Resolved,Thread Leak,375,2341,46.86,False,True,390,737,Unbounded caching mechanism,2023-05-30,
9959455d-85f6-4e34-8fd9-079921eadc51,Memory leak detected in MobileApp-Android during stress test,Application memory usage increases steadily over time under load testing conditions.,MobileApp-iOS,Development,Ubuntu 22.04,Edge 120,High,P4,Closed,Heap Leak,476,1338,125.36,True,True,416,756,Thread pool mismanagement,2023-10-07,2023-10-21
cd5d5a50-c46c-4dea-9db5-040396fee3b4,Memory leak detected in ML-Service during stress test,Application memory usage increases steadily over time under load testing conditions.,MobileApp-Android,Development,iOS 17,Firefox 122,Low,P2,Resolved,Thread Leak,423,5499,67.08,True,False,361,300,Unclosed file streams,2023-12-19,2024-01-11
d32ddb7c-e5af-4afe-804b-d38b9c53ba99,Memory leak detected in MobileApp-Android during stress test,Application memory usage increases steadily over time under load testing conditions.,API-Gateway,Development,Ubuntu 20.04,Firefox 122,Medium,P3,In Progress,File Handle Leak,447,4714,123.2,True,False,251,146,Thread pool mismanagement,2023-10-21,2023-11-18
fc73aed0-67cf-4e08-b9b9-083fcbe3f706,Memory leak detected in WebApp-Core during stress test,Application memory usage increases steadily over time under load testing conditions.,API-Gateway,Production,Android 13,Edge 120,High,P1,Closed,File Handle Leak,331,3573,15.95,True,True,375,996,Unbounded caching mechanism,2023-11-20,2023-12-04
8a3fefe3-8edb-4fdf-ab9b-34d13870787c,Memory leak detected in API-Gateway during stress test,Application memory usage increases steadily over time under load testing conditions.,MobileApp-Android,Staging,iOS 17,Firefox 122,Critical,P2,Resolved,File Handle Leak,132,7464,120.37,False,True,290,873,Unbounded caching mechanism,2023-11-22,2023-12-04
02c78c5a-6c6d-433a-8388-91ba35191d88,Memory leak detected in API-Gateway during stress test,Application memory usage increases steadily over time under load testing conditions.,WebApp-Core,Development,iOS 17,Firefox 122,Critical,P1,Open,Cache Leak,123,896,19.44,True,True,452,666,Unclosed file streams,2023-06-25,2023-07-20
8dbdf247-be8e-464e-ba01-f11fc7a53245,Memory leak detected in MobileApp-iOS during stress test,Application memory usage increases steadily over time under load testing conditions.,WebApp-Core,Staging,Android 13,Firefox 122,Low,P1,Resolved,GPU Memory Leak,147,2744,99.92,False,True,361,98,Unreleased object references,2023-03-23,2023-04-21
3ea43ef4-bf39-4998-9a57-654ff56c0612,Memory leak detected in API-Gateway during stress test,Application memory usage increases steadily over time under load testing conditions.,WebApp-Core,Development,Android 13,Edge 120,Low,P1,In Progress,Cache Leak,215,5363,80.32,True,True,197,92,Circular dependency in service layer,2023-04-20,2023-04-25
5a4c094c-b474-4c36-89df-209d0cd5389a,Memory leak detected in MobileApp-Android during stress test,Application memory usage increases steadily over time under load testing conditions.,Data-Pipeline,Production,Windows 11,Chrome 121,Low,P3,Closed,File Handle Leak,253,3511,24.88,True,True,471,422,Thread pool mismanagement,2023-02-22,
c7affccc-8e54-4f5a-815f-9e778374d00c,Memory leak detected in WebApp-Core during stress test,Application memory usage increases steadily over time under load testing conditions.,ML-Service,Production,Ubuntu 22.04,Edge 120,Critical,P2,In Progress,GPU Memory Leak,151,1210,25.3,False,True,128,567,Thread pool mismanagement,2023-12-18,2023-12-25
484f392e-45e8-4436-846e-6af914678be0,Memory leak detected in Data-Pipeline during stress test,Application memory usage increases steadily over time under load testing conditions.,MobileApp-iOS,Development,macOS Ventura,N/A,Medium,P1,Resolved,Heap Leak,453,6881,8.89,True,False,198,116,Improper event listener cleanup,2023-11-04,2023-11-14
0341e50f-2a0a-4b2f-846b-af595f294af6,Memory leak detected in MobileApp-iOS during stress test,Application memory usage increases steadily over time under load testing conditions.,MobileApp-Android,Staging,iOS 17,N/A,Critical,P2,In Progress,Cache Leak,106,4827,148.1,True,True,301,70,Unreleased object references,2023-09-13,2023-09-16
4466bcea-f9b9-4685-95fc-9a18c211912a,Memory leak detected in Data-Pipeline during stress test,Application memory usage increases steadily over time under load testing conditions.,Data-Pipeline,Production,iOS 17,Safari 17,Critical,P1,Open,Thread Leak,303,995,78.46,True,False,43,318,Unreleased object references,2023-05-15,2023-06-14
a8ae1149-37a2-4f30-9272-48e51fba434f,Memory leak detected in ML-Service during stress test,Application memory usage increases steadily over time under load testing conditions.,Data-Pipeline,Production,Android 13,Chrome 121,High,P1,In Progress,Heap Leak,374,1772,52.38,True,True,474,445,Unreleased object references,2023-09-19,2023-10-15
b12684e5-6344-485f-b68e-5e2b59eca2e3,Memory leak detected in Data-Pipeline during stress test,Application memory usage increases steadily over time under load testing conditions.,MobileApp-Android,Development,Windows 10,Firefox 122,Low,P3,Closed,File Handle Leak,441,3033,112.55,False,True,191,130,Circular dependency in service layer,2023-08-21,2023-08-23
dae168dc-7f62-473a-8b40-26b8953c42b0,Memory leak detected in API-Gateway during stress test,Application memory usage increases steadily over time under load testing conditions.,MobileApp-iOS,Production,Windows 10,Edge 120,Low,P1,Closed,Thread Leak,115,6819,53.58,False,True,256,880,Thread pool mismanagement,2023-05-18,2023-05-22
3ffbb08a-8897-4be7-b1cd-6779adc6b5b1,Memory leak detected in Data-Pipeline during stress test,Application memory usage increases steadily over time under load testing conditions.,Data-Pipeline,Development,Windows 11,N/A,Low,P4,Open,GPU Memory Leak,152,6835,134.67,True,False,187,393,Improper event listener cleanup,2023-03-27,2023-04-05
768bd56c-226e-4c71-ba92-75a014e23314,Memory leak detected in Data-Pipeline during stress test,Application memory usage increases steadily over time under load testing conditions.,Data-Pipeline,Production,Ubuntu 22.04,Firefox 122,High,P3,Closed,File Handle Leak,383,789,121.45,False,True,293,382,Unreleased object references,2023-04-02,2023-04-30
b327e457-9b3c-4f23-9896-eda69cd4f5f5,Memory leak detected in WebApp-Core during stress test,Application memory usage increases steadily over time under load testing conditions.,API-Gateway,Development,Ubuntu 22.04,Edge 120,High,P2,Open,Thread Leak,214,1969,121.63,False,True,189,206,Unclosed file streams,2023-09-15,2023-09-17
a6553a1d-65c5-4c71-99ae-07c3a9731701,Memory leak detected in ML-Service during stress test,Application memory usage increases steadily over time under load testing conditions.,API-Gateway,Development,Android 13,N/A,Medium,P3,Open,Cache Leak,224,5601,72.27,True,True,278,355,Circular dependency in service layer,2023-10-16,2023-11-09
89455522-349a-492a-96ec-2810edad001a,Memory leak detected in Data-Pipeline during stress test,Application memory usage increases steadily over time under load testing conditions.,Data-Pipeline,Staging,Windows 10,Firefox 122,Medium,P1,Closed,Heap Leak,488,511,100.31,True,False,48,45,Improper event listener cleanup,2023-12-22,2024-01-02
e0b83b5a-19ed-43b6-9932-ff5169e129bb,Memory leak detected in WebApp-Core during stress test,Application memory usage increases steadily over time under load testing conditions.,ML-Service,Development,macOS Ventura,Firefox 122,Critical,P4,Open,Cache Leak,334,3551,146.31,True,True,150,268,Unclosed file streams,2023-09-24,2023-10-23
589d1285-2f1c-462e-b502-5a8bb13656a7,Memory leak detected in MobileApp-Android during stress test,Application memory usage increases steadily over time under load testing conditions.,WebApp-Core,Development,Windows 11,N/A,Low,P3,Open,GPU Memory Leak,262,3172,70.65,False,False,161,417,Unreleased object references,2023-07-21,2023-08-14
3fddff7c-99dd-4aaf-9612-433bc3b81bfc,Memory leak detected in MobileApp-iOS during stress test,Application memory usage increases steadily over time under load testing conditions.,WebApp-Core,Development,Windows 11,Edge 120,Low,P3,Resolved,GPU Memory Leak,331,2200,49.7,True,True,496,365,Unbounded caching mechanism,2023-10-02,2023-10-27
8429b1df-1f4d-4485-8a8d-ef288f8682ec,Memory leak detected in MobileApp-Android during stress test,Application memory usage increases steadily over time under load testing conditions.,WebApp-Core,Staging,iOS 17,Safari 17,Medium,P4,Closed,Heap Leak,233,2948,123.91,True,True,7,64,Improper event listener cleanup,2023-09-20,
e2123c1e-46da-435d-8fc5-5ba98bc9bf5e,Memory leak detected in Data-Pipeline during stress test,Application memory usage increases steadily over time under load testing conditions.,WebApp-Core,Production,macOS Ventura,Edge 120,Low,P4,Open,GPU Memory Leak,290,3781,104.51,False,True,48,927,Unclosed file streams,2023-03-08,
2d3a39ed-49eb-46ea-9bda-ad2dd9a65762,Memory leak detected in ML-Service during stress test,Application memory usage increases steadily over time under load testing conditions.,API-Gateway,Production,Ubuntu 22.04,Safari 17,Low,P1,Closed,GPU Memory Leak,125,4276,29.36,False,True,466,192,Unclosed file streams,2023-03-04,
f1796b30-c16f-43a2-9451-5a2d8a41d689,Memory leak detected in MobileApp-Android during stress test,Application memory usage increases steadily over time under load testing conditions.,Data-Pipeline,Staging,Ubuntu 22.04,Safari 17,Critical,P4,Open,File Handle Leak,414,783,94.78,False,True,215,205,Circular dependency in service layer,2023-05-24,2023-05-29
48ea57dd-85ef-4466-ba4e-9db9c1f97bf0,Memory leak detected in Data-Pipeline during stress test,Application memory usage increases steadily over time under load testing conditions.,MobileApp-iOS,Staging,macOS Ventura,Safari 17,High,P2,Closed,File Handle Leak,109,4953,148.46,True,True,164,612,Improper event listener cleanup,2023-09-27,2023-10-23
a01a854b-43e3-41c1-9404-8011835c87be,Memory leak detected in API-Gateway during stress test,Application memory usage increases steadily over time under load testing conditions.,ML-Service,Staging,iOS 17,N/A,Medium,P3,Open,GPU Memory Leak,129,2801,122.25,True,False,274,836,Circular dependency in service layer,2023-01-16,2023-02-10
bc92e0a9-e33e-4491-8b7c-3a0b178e7c9a,Memory leak detected in MobileApp-Android during stress test,Application memory usage increases steadily over time under load testing conditions.,MobileApp-Android,Development,macOS Ventura,Edge 120,High,P4,Resolved,Thread Leak,298,5216,56.45,True,True,429,830,Unbounded caching mechanism,2023-01-29,2023-02-06
6dea69b2-7323-4aff-91bc-97bce7c226e9,Memory leak detected in ML-Service during stress test,Application memory usage increases steadily over time under load testing conditions.,MobileApp-Android,Development,macOS Ventura,Safari 17,Low,P2,In Progress,GPU Memory Leak,146,810,13.14,False,True,471,822,Unclosed file streams,2023-10-05,2023-10-21
ee62c4af-4575-43e7-ad5d-541d9f9822f1,Memory leak detected in WebApp-Core during stress test,Application memory usage increases steadily over time under load testing conditions.,ML-Service,Staging,Windows 10,Edge 120,Critical,P4,Resolved,File Handle Leak,460,5305,138.0,False,True,500,162,Circular dependency in service layer,2023-01-31,
c8a77ce2-ff4d-43c8-90ee-37982f7357f5,Memory leak detected in ML-Service during stress test,Application memory usage increases steadily over time under load testing conditions.,Data-Pipeline,Production,iOS 17,Edge 120,Medium,P3,Closed,File Handle Leak,262,5818,30.26,False,True,91,747,Unreleased object references,2023-08-12,2023-08-28
8f4d1249-5a76-4305-aaf1-afbff52f884b,Memory leak detected in WebApp-Core during stress test,Application memory usage increases steadily over time under load testing conditions.,MobileApp-Android,Production,Ubuntu 20.04,N/A,Medium,P4,Closed,GPU Memory Leak,494,7469,144.95,False,True,122,356,Unclosed file streams,2023-12-26,2024-01-08
0121dcda-5518-4c07-8823-e5db209bfb17,Memory leak detected in Data-Pipeline during stress test,Application memory usage increases steadily over time under load testing conditions.,MobileApp-iOS,Staging,Windows 10,Edge 120,Medium,P3,Open,File Handle Leak,462,7231,102.15,False,True,369,2,Unreleased object references,2023-03-27,2023-03-30
8c533e60-8c49-4e24-bf31-0f72db6f89a9,Memory leak detected in API-Gateway during stress test,Application memory usage increases steadily over time under load testing conditions.,MobileApp-iOS,Production,Ubuntu 22.04,Chrome 121,Critical,P3,In Progress,Cache Leak,311,1862,76.5,True,True,151,21,Unclosed file streams,2023-07-17,2023-07-31
1de88dad-3693-4a54-beaa-2e0c63407349,Memory leak detected in MobileApp-Android during stress test,Application memory usage increases steadily over time under load testing conditions.,Data-Pipeline,Development,macOS Ventura,Chrome 121,High,P1,Open,Cache Leak,187,3300,133.75,True,False,81,55,Unreleased object references,2023-05-14,2023-05-17
b664c010-28f4-4832-b274-44b7b09b9582,Memory leak detected in Data-Pipeline during stress test,Application memory usage increases steadily over time under load testing conditions.,ML-Service,Staging,Android 13,Edge 120,High,P3,Open,Heap Leak,456,3852,85.35,False,False,79,56,Unclosed file streams,2023-06-19,2023-06-26
2a171b0c-7b9d-4a92-99ea-feca9609fcfa,Memory leak detected in API-Gateway during stress test,Application memory usage increases steadily over time under load testing conditions.,MobileApp-Android,Development,Windows 10,Firefox 122,Medium,P2,Open,Cache Leak,438,7249,95.64,True,False,402,408,Unbounded caching mechanism,2023-01-02,2023-01-12
5e3f3db5-b6bf-4e41-acbc-78afb74124a3,Memory leak detected in MobileApp-Android during stress test,Application memory usage increases steadily over time under load testing conditions.,MobileApp-iOS,Staging,Ubuntu 20.04,Firefox 122,Critical,P4,Resolved,Cache Leak,428,1246,83.9,False,False,116,858,Unclosed file streams,2023-09-08,2023-09-17
2c955021-37c6-4de4-a3b5-33193780480b,Memory leak detected in WebApp-Core during stress test,Application memory usage increases steadily over time under load testing conditions.,Data-Pipeline,Staging,iOS 17,N/A,Critical,P3,Open,Cache Leak,456,6662,101.78,False,False,294,903,Improper event listener cleanup,2023-10-16,
af766aa0-7323-425c-b481-74bfb40460d4,Memory leak detected in ML-Service during stress test,Application memory usage increases steadily over time under load testing conditions.,ML-Service,Production,Android 13,N/A,Medium,P4,Closed,GPU Memory Leak,465,7895,10.04,True,True,414,198,Improper event listener cleanup,2023-09-01,2023-09-14
f6b4dcdc-3098-4632-85bb-e00035a257be,Memory leak detected in Data-Pipeline during stress test,Application memory usage increases steadily over time under load testing conditions.,MobileApp-Android,Production,Ubuntu 20.04,Edge 120,Low,P4,Closed,Thread Leak,203,4066,149.6,False,False,439,283,Thread pool mismanagement,2023-01-22,2023-02-13
6a42e848-71a0-4f9c-a3fe-cdca1c41c2ac,Memory leak detected in ML-Service during stress test,Application memory usage increases steadily over time under load testing conditions.,API-Gateway,Development,Ubuntu 22.04,Firefox 122,Medium,P4,Open,Thread Leak,458,6943,95.34,True,False,445,549,Unclosed file streams,2023-08-23,2023-08-24
9e58c492-357d-42ee-be42-3718efb69c2f,Memory leak detected in WebApp-Core during stress test,Application memory usage increases steadily over time under load testing conditions.,MobileApp-Android,Staging,Ubuntu 22.04,Firefox 122,Critical,P4,Closed,File Handle Leak,392,4477,93.3,True,True,382,487,Unclosed file streams,2023-07-30,2023-08-20
3dcf60a6-2c3a-4d78-882f-9f30f42aa0e5,Memory leak detected in API-Gateway during stress test,Application memory usage increases steadily over time under load testing conditions.,Data-Pipeline,Production,Windows 10,Firefox 122,Medium,P2,Closed,File Handle Leak,255,7196,50.09,False,False,310,662,Unreleased object references,2023-07-10,
7ada9ec4-6ddb-4887-8a2e-45ca477756ea,Memory leak detected in ML-Service during stress test,Application memory usage increases steadily over time under load testing conditions.,MobileApp-iOS,Development,macOS Ventura,Firefox 122,Low,P2,Closed,GPU Memory Leak,308,7249,112.44,True,True,99,897,Improper event listener cleanup,2023-04-07,2023-05-07
2953afef-1ab7-485c-be24-ca1a602867ea,Memory leak detected in MobileApp-iOS during stress test,Application memory usage increases steadily over time under load testing conditions.,MobileApp-iOS,Staging,macOS Ventura,Safari 17,Low,P4,In Progress,File Handle Leak,284,914,107.17,False,False,91,984,Unbounded caching mechanism,2023-01-30,2023-02-14
09f5c6ad-1629-4abb-af43-d7733bfc6426,Memory leak detected in Data-Pipeline during stress test,Application memory usage increases steadily over time under load testing conditions.,WebApp-Core,Staging,Windows 10,Safari 17,Low,P3,In Progress,GPU Memory Leak,232,1839,113.6,True,True,138,668,Unbounded caching mechanism,2023-10-28,2023-11-09
daeac8e7-ccc8-46d6-b03e-bae18b1720bf,Memory leak detected in API-Gateway during stress test,Application memory usage increases steadily over time under load testing conditions.,MobileApp-Android,Production,Windows 11,N/A,Low,P3,Resolved,Thread Leak,492,6892,103.92,False,False,217,917,Unbounded caching mechanism,2023-09-20,
3377c0d1-8164-4d49-ba77-32948d028647,Memory leak detected in ML-Service during stress test,Application memory usage increases steadily over time under load testing conditions.,API-Gateway,Production,Windows 10,Chrome 121,High,P2,Resolved,Heap Leak,254,4323,103.19,False,True,173,284,Circular dependency in service layer,2023-06-28,2023-07-05
43f7eb0c-f0f3-4833-b1a1-bd14fff0445a,Memory leak detected in Data-Pipeline during stress test,Application memory usage increases steadily over time under load testing conditions.,MobileApp-iOS,Development,Windows 11,N/A,Medium,P4,Closed,File Handle Leak,464,5874,143.07,True,True,336,510,Unclosed file streams,2023-06-16,2023-06-25
a7af8cd3-c197-47ef-b349-8f0dc9b0821b,Memory leak detected in Data-Pipeline during stress test,Application memory usage increases steadily over time under load testing conditions.,ML-Service,Development,Ubuntu 20.04,Firefox 122,Critical,P2,Resolved,GPU Memory Leak,477,3680,10.12,True,False,50,483,Improper event listener cleanup,2023-05-13,2023-05-26
d2a33f2d-557d-4be8-b012-cdc2fae285d8,Memory leak detected in MobileApp-iOS during stress test,Application memory usage increases steadily over time under load testing conditions.,Data-Pipeline,Development,Windows 11,Edge 120,Medium,P2,Closed,File Handle Leak,193,6749,142.3,False,False,300,302,Unbounded caching mechanism,2023-05-13,2023-05-31
15aa4590-3b09-4307-a124-e8e5f32ac4e0,Memory leak detected in ML-Service during stress test,Application memory usage increases steadily over time under load testing conditions.,WebApp-Core,Staging,Windows 11,N/A,Low,P1,Resolved,Cache Leak,398,5696,89.15,True,True,71,206,Unclosed file streams,2023-03-02,2023-03-30
d19b94e7-2ec8-4ca9-9440-2269752a943f,Memory leak detected in Data-Pipeline during stress test,Application memory usage increases steadily over time under load testing conditions.,MobileApp-Android,Development,Ubuntu 22.04,Edge 120,Medium,P2,Open,Heap Leak,334,7927,25.77,False,False,108,780,Improper event listener cleanup,2023-07-29,2023-08-27
305c886f-64fa-43ca-9c23-64d594c0c54f,Memory leak detected in MobileApp-Android during stress test,Application memory usage increases steadily over time under load testing conditions.,ML-Service,Staging,Android 13,Safari 17,Critical,P1,Closed,Cache Leak,490,6932,118.06,True,True,274,205,Circular dependency in service layer,2023-10-23,2023-11-08
c840b44a-0787-47df-a164-563417058eff,Memory leak detected in MobileApp-Android during stress test,Application memory usage increases steadily over time under load testing conditions.,WebApp-Core,Production,Windows 10,Firefox 122,Medium,P2,Resolved,GPU Memory Leak,487,3139,125.82,True,False,258,603,Unclosed file streams,2023-07-11,2023-08-09
28f9af0f-3f06-4ebf-ba02-520f69104e00,Memory leak detected in API-Gateway during stress test,Application memory usage increases steadily over time under load testing conditions.,Data-Pipeline,Production,macOS Ventura,N/A,High,P1,In Progress,File Handle Leak,252,874,142.53,False,False,385,193,Improper event listener cleanup,2023-03-27,
0177140a-8c04-4708-bf7f-d584615d07a2,Memory leak detected in MobileApp-Android during stress test,Application memory usage increases steadily over time under load testing conditions.,Data-Pipeline,Development,macOS Ventura,N/A,Medium,P4,Resolved,Heap Leak,472,2337,147.81,False,False,395,548,Thread pool mismanagement,2023-07-26,
a59f8223-89e2-4076-91a9-3edf32b57a09,Memory leak detected in WebApp-Core during stress test,Application memory usage increases steadily over time under load testing conditions.,WebApp-Core,Production,Windows 10,Safari 17,Critical,P1,Open,Thread Leak,155,5922,99.77,False,False,360,157,Improper event listener cleanup,2023-01-25,2023-01-27
11e357bb-5680-434e-964e-9cfc54b1e9a1,Memory leak detected in Data-Pipeline during stress test,Application memory usage increases steadily over time under load testing conditions.,ML-Service,Staging,macOS Ventura,N/A,Medium,P1,Open,Thread Leak,315,2966,100.94,True,False,59,804,Unreleased object references,2023-12-22,2023-12-23
6ab0bd5b-cee0-4ea4-927e-16615a76a9ad,Memory leak detected in ML-Service during stress test,Application memory usage increases steadily over time under load testing conditions.,MobileApp-Android,Staging,Android 13,Safari 17,High,P3,Open,Thread Leak,498,2136,43.13,False,True,353,956,Unbounded caching mechanism,2023-09-12,
0b135316-c553-401d-8ec3-efadd5479107,Memory leak detected in ML-Service during stress test,Application memory usage increases steadily over time under load testing conditions.,Data-Pipeline,Staging,Windows 11,Chrome 121,Low,P4,Resolved,GPU Memory Leak,145,6002,136.5,False,False,136,476,Unreleased object references,2023-06-19,2023-06-20
da598057-91d7-4bc8-943e-1a5b8a0ad071,Memory leak detected in Data-Pipeline during stress test,Application memory usage increases steadily over time under load testing conditions.,MobileApp-iOS,Staging,Android 13,Chrome 121,Low,P4,Open,GPU Memory Leak,248,823,57.23,True,False,184,916,Unbounded caching mechanism,2023-02-21,2023-03-21
cb53caa0-35f7-4c34-9972-f5022432ac02,Memory leak detected in MobileApp-Android during stress test,Application memory usage increases steadily over time under load testing conditions.,WebApp-Core,Staging,Ubuntu 22.04,Safari 17,High,P1,Closed,Cache Leak,290,1261,123.17,True,True,68,713,Circular dependency in service layer,2023-11-15,2023-12-09
4ff7ce98-b7e3-4511-8e07-db2d0484a391,Memory leak detected in ML-Service during stress test,Application memory usage increases steadily over time under load testing conditions.,API-Gateway,Production,Android 13,Safari 17,Medium,P1,Resolved,Thread Leak,153,1805,65.32,True,True,248,943,Unbounded caching mechanism,2023-01-31,2023-02-28
07867d47-1d77-429b-a5c2-a4d18599e38f,Memory leak detected in MobileApp-iOS during stress test,Application memory usage increases steadily over time under load testing conditions.,WebApp-Core,Production,iOS 17,N/A,Medium,P2,Open,Cache Leak,132,876,42.93,True,False,178,680,Circular dependency in service layer,2023-02-27,2023-03-14
4bd8cdf0-406e-48bd-8d52-1933fc060258,Memory leak detected in ML-Service during stress test,Application memory usage increases steadily over time under load testing conditions.,WebApp-Core,Development,Android 13,Firefox 122,Critical,P1,In Progress,Heap Leak,385,7270,134.35,False,False,124,339,Unclosed file streams,2023-11-25,2023-12-22
a0ef0837-129b-48cd-8f9a-3c32b1fefd43,Memory leak detected in MobileApp-Android during stress test,Application memory usage increases steadily over time under load testing conditions.,WebApp-Core,Staging,Ubuntu 22.04,N/A,Critical,P4,Closed,Cache Leak,293,5770,63.48,False,True,255,764,Circular dependency in service layer,2023-01-26,2023-02-13
4e746113-99b5-49d2-b1a1-642d8dfee275,Memory leak detected in WebApp-Core during stress test,Application memory usage increases steadily over time under load testing conditions.,WebApp-Core,Production,macOS Ventura,Edge 120,Medium,P1,Resolved,File Handle Leak,118,3877,85.78,True,True,433,466,Unclosed file streams,2023-01-10,
54830d33-349d-470a-8e5a-a638b2fdf7c6,Memory leak detected in Data-Pipeline during stress test,Application memory usage increases steadily over time under load testing conditions.,API-Gateway,Development,Windows 10,Firefox 122,Low,P2,Resolved,File Handle Leak,466,4375,100.29,False,True,24,919,Improper event listener cleanup,2023-10-14,2023-11-03
07cfe8e6-acc3-49cd-a75d-6401acbb9cc7,Memory leak detected in WebApp-Core during stress test,Application memory usage increases steadily over time under load testing conditions.,MobileApp-iOS,Production,Windows 11,Firefox 122,Low,P1,In Progress,Cache Leak,480,6372,109.63,True,False,56,776,Unbounded caching mechanism,2023-09-10,
ff81bd16-6b8c-434a-9fb8-70f0120077f3,Memory leak detected in API-Gateway during stress test,Application memory usage increases steadily over time under load testing conditions.,API-Gateway,Production,macOS Ventura,N/A,Medium,P1,Open,Thread Leak,401,6006,22.87,True,False,430,600,Unbounded caching mechanism,2023-01-24,2023-02-20
5d4c7608-13c7-474b-8ca2-f39a91209f37,Memory leak detected in Data-Pipeline during stress test,Application memory usage increases steadily over time under load testing conditions.,MobileApp-Android,Development,Ubuntu 22.04,N/A,High,P1,Closed,Thread Leak,454,1951,88.89,True,False,204,987,Unclosed file streams,2023-09-18,2023-10-18
254e91e7-c036-4d60-a388-b5a17e85c74c,Memory leak detected in Data-Pipeline during stress test,Application memory usage increases steadily over time under load testing conditions.,ML-Service,Staging,iOS 17,N/A,High,P3,In Progress,GPU Memory Leak,311,1631,92.37,False,False,472,689,Improper event listener cleanup,2023-05-31,2023-06-05
cc1158ba-b716-4040-8c7a-8790f17daf85,Memory leak detected in MobileApp-iOS during stress test,Application memory usage increases steadily over time under load testing conditions.,Data-Pipeline,Development,iOS 17,Edge 120,Critical,P1,Resolved,Cache Leak,377,4627,105.68,True,True,13,391,Improper event listener cleanup,2023-12-30,2024-01-05
3f72872c-2871-4241-b526-9c73e606d17a,Memory leak detected in MobileApp-iOS during stress test,Application memory usage increases steadily over time under load testing conditions.,Data-Pipeline,Staging,Windows 11,Chrome 121,High,P3,Open,File Handle Leak,484,2687,118.9,False,True,316,889,Circular dependency in service layer,2023-01-28,2023-02-04
4d1f6943-6498-4f6f-b93b-b9594b7ac3a9,Memory leak detected in ML-Service during stress test,Application memory usage increases steadily over time under load testing conditions.,Data-Pipeline,Staging,Android 13,Chrome 121,Critical,P1,Closed,File Handle Leak,387,5801,61.39,True,True,381,258,Improper event listener cleanup,2023-10-15,2023-11-08
71f1eb05-2b6b-4864-bcee-4ab8f24c28bd,Memory leak detected in Data-Pipeline during stress test,Application memory usage increases steadily over time under load testing conditions.,Data-Pipeline,Production,Android 13,Edge 120,Medium,P3,Resolved,Cache Leak,326,7628,125.35,True,True,96,986,Improper event listener cleanup,2023-11-14,2023-12-12
6510f439-4e95-4f4f-ba96-9730c33ef3c4,Memory leak detected in MobileApp-iOS during stress test,Application memory usage increases steadily over time under load testing conditions.,MobileApp-Android,Development,macOS Ventura,Edge 120,Low,P2,Closed,GPU Memory Leak,319,832,45.47,True,True,476,331,Thread pool mismanagement,2023-09-21,
d21b9ebc-0e75-4fd5-a306-5626c3d6572e,Memory leak detected in ML-Service during stress test,Application memory usage increases steadily over time under load testing conditions.,ML-Service,Staging,Windows 10,Edge 120,Medium,P3,Open,Thread Leak,438,5543,48.67,True,False,279,550,Unbounded caching mechanism,2023-01-27,2023-02-17
9f917782-9afe-4fc9-9b79-6027cf5d4c91,Memory leak detected in MobileApp-iOS during stress test,Application memory usage increases steadily over time under load testing conditions.,MobileApp-iOS,Development,iOS 17,N/A,Critical,P4,Open,File Handle Leak,439,2247,53.12,False,True,464,658,Thread pool mismanagement,2023-02-17,2023-03-18
d34a0f6a-1356-49c5-981a-ee87b4bb6e5d,Memory leak detected in WebApp-Core during stress test,Application memory usage increases steadily over time under load testing conditions.,API-Gateway,Staging,macOS Ventura,Edge 120,Low,P2,Closed,Cache Leak,264,6091,60.3,True,False,460,668,Improper event listener cleanup,2023-11-15,2023-11-17
f8244468-e6d1-417c-909f-fc7e262ef8ea,Memory leak detected in WebApp-Core during stress test,Application memory usage increases steadily over time under load testing conditions.,Data-Pipeline,Development,Windows 11,Firefox 122,Critical,P4,In Progress,Thread Leak,495,1871,83.01,False,True,383,703,Improper event listener cleanup,2023-06-14,2023-06-18
406cbc46-ccec-43a1-93f6-72445ca25559,Memory leak detected in MobileApp-Android during stress test,Application memory usage increases steadily over time under load testing conditions.,MobileApp-iOS,Production,Windows 10,N/A,Medium,P2,Closed,Cache Leak,144,810,15.62,False,False,222,324,Unreleased object references,2023-01-13,2023-01-24
09550679-e36a-40ad-912d-5b2801630e0e,Memory leak detected in WebApp-Core during stress test,Application memory usage increases steadily over time under load testing conditions.,Data-Pipeline,Production,Windows 10,Chrome 121,High,P4,Resolved,File Handle Leak,428,548,109.44,True,False,392,949,Unbounded caching mechanism,2023-07-19,2023-08-06
4f89846f-9d63-4006-a6a7-acab31eb1c00,Memory leak detected in MobileApp-Android during stress test,Application memory usage increases steadily over time under load testing conditions.,MobileApp-Android,Production,Ubuntu 22.04,N/A,High,P3,Resolved,File Handle Leak,342,752,27.67,True,True,64,43,Unreleased object references,2023-07-15,2023-08-06
f5be6ccb-203c-45d2-8c67-dfa11990ffa5,Memory leak detected in Data-Pipeline during stress test,Application memory usage increases steadily over time under load testing conditions.,Data-Pipeline,Production,Ubuntu 20.04,Firefox 122,Critical,P3,In Progress,GPU Memory Leak,143,4985,49.18,True,False,100,118,Improper event listener cleanup,2023-10-21,2023-11-08
4e972267-97ea-412c-ae7c-0019b0e8f03d,Memory leak detected in ML-Service during stress test,Application memory usage increases steadily over time under load testing conditions.,API-Gateway,Production,macOS Ventura,Chrome 121,High,P4,Resolved,Heap Leak,484,945,140.19,True,False,488,339,Unclosed file streams,2023-12-10,2024-01-07
12e9df31-acdb-484f-9988-6e2cc181ae12,Memory leak detected in MobileApp-Android during stress test,Application memory usage increases steadily over time under load testing conditions.,MobileApp-iOS,Staging,Ubuntu 22.04,Edge 120,High,P3,Resolved,File Handle Leak,245,1319,94.83,False,True,3,321,Improper event listener cleanup,2023-03-07,2023-03-15
f9d3a45a-4e70-4009-b12e-8d3eac6209fc,Memory leak detected in MobileApp-Android during stress test,Application memory usage increases steadily over time under load testing conditions.,Data-Pipeline,Production,Ubuntu 20.04,Safari 17,Critical,P1,Resolved,File Handle Leak,241,4072,126.82,False,True,90,662,Thread pool mismanagement,2023-04-24,2023-05-15
0faaf636-3f74-48a7-8fe4-8b34d9d1a68c,Memory leak detected in MobileApp-Android during stress test,Application memory usage increases steadily over time under load testing conditions.,MobileApp-iOS,Production,Android 13,Chrome 121,Low,P4,Open,Thread Leak,171,7270,134.24,False,True,465,38,Thread pool mismanagement,2023-02-11,2023-03-11
98374165-143f-4985-a66b-ecf4d6b6dbc0,Memory leak detected in MobileApp-iOS during stress test,Application memory usage increases steadily over time under load testing conditions.,API-Gateway,Development,iOS 17,N/A,High,P3,Closed,Thread Leak,434,4367,117.4,True,False,187,515,Unreleased object references,2023-05-14,2023-06-01
7b84af28-0097-4bdf-9ed8-2dce3545ae0e,Memory leak detected in ML-Service during stress test,Application memory usage increases steadily over time under load testing conditions.,MobileApp-Android,Staging,Windows 11,Firefox 122,Medium,P1,Resolved,Heap Leak,450,5530,29.05,True,False,119,65,Unclosed file streams,2023-12-06,2024-01-01
4add4d2e-affe-481d-ae5f-069d33e06ee9,Memory leak detected in MobileApp-iOS during stress test,Application memory usage increases steadily over time under load testing conditions.,API-Gateway,Staging,Ubuntu 22.04,Chrome 121,Low,P2,Open,Thread Leak,365,2193,136.62,False,False,297,558,Thread pool mismanagement,2023-07-09,2023-07-31
01110784-4150-4dc0-846f-1a7dc059d0f7,Memory leak detected in WebApp-Core during stress test,Application memory usage increases steadily over time under load testing conditions.,ML-Service,Staging,Ubuntu 22.04,Firefox 122,Critical,P2,Resolved,Cache Leak,400,3492,99.73,False,True,257,904,Improper event listener cleanup,2023-03-31,2023-04-13
0a728b0a-5ca4-40b0-98c3-a921c96b44fb,Memory leak detected in MobileApp-Android during stress test,Application memory usage increases steadily over time under load testing conditions.,MobileApp-Android,Development,Windows 11,Edge 120,Low,P3,Closed,File Handle Leak,363,1131,98.3,True,False,346,491,Unbounded caching mechanism,2023-08-14,
a83dcabb-5ba5-4373-b255-46a9c61561d5,Memory leak detected in WebApp-Core during stress test,Application memory usage increases steadily over time under load testing conditions.,MobileApp-Android,Production,macOS Ventura,Firefox 122,Medium,P4,In Progress,Heap Leak,310,7326,8.25,True,False,473,185,Thread pool mismanagement,2023-04-18,2023-05-09
6d0c0077-45ea-49bc-a6bb-bf675190082e,Memory leak detected in Data-Pipeline during stress test,Application memory usage increases steadily over time under load testing conditions.,Data-Pipeline,Staging,Windows 10,Firefox 122,Critical,P1,Closed,GPU Memory Leak,109,5723,132.38,True,False,308,147,Thread pool mismanagement,2023-07-27,2023-08-15
d8fd4d27-0a74-442c-8bab-ffb09f54bbe4,Memory leak detected in MobileApp-iOS during stress test,Application memory usage increases steadily over time under load testing conditions.,API-Gateway,Production,macOS Ventura,Chrome 121,Medium,P1,Closed,GPU Memory Leak,185,2666,110.01,True,True,104,536,Thread pool mismanagement,2023-04-04,2023-04-21
65102aee-265b-4ec0-af9d-35a01fb7306f,Memory leak detected in ML-Service during stress test,Application memory usage increases steadily over time under load testing conditions.,ML-Service,Development,iOS 17,N/A,Low,P4,Closed,GPU Memory Leak,149,5460,30.73,True,False,268,431,Unclosed file streams,2023-12-17,2023-12-22
6b5711e9-0d1e-4de0-a84b-e280199e202c,Memory leak detected in API-Gateway during stress test,Application memory usage increases steadily over time under load testing conditions.,MobileApp-iOS,Production,iOS 17,N/A,Low,P1,In Progress,File Handle Leak,346,2379,119.49,False,True,466,880,Unreleased object references,2023-01-23,2023-02-06
216e7170-be13-4027-aa59-f53d2ff4dd5d,Memory leak detected in Data-Pipeline during stress test,Application memory usage increases steadily over time under load testing conditions.,Data-Pipeline,Development,macOS Ventura,N/A,Low,P4,Closed,GPU Memory Leak,231,3847,32.41,False,False,186,110,Improper event listener cleanup,2023-05-26,2023-06-13
6ea9fe4d-f4a1-48fb-869a-05c724092e34,Memory leak detected in MobileApp-iOS during stress test,Application memory usage increases steadily over time under load testing conditions.,ML-Service,Staging,Android 13,Safari 17,Medium,P1,Closed,GPU Memory Leak,374,2640,66.42,False,False,130,315,Thread pool mismanagement,2023-08-07,2023-08-16
d178dd05-2dca-427c-bab3-933efa75f7ab,Memory leak detected in Data-Pipeline during stress test,Application memory usage increases steadily over time under load testing conditions.,WebApp-Core,Production,Windows 11,Safari 17,Medium,P4,In Progress,Thread Leak,170,6527,128.97,False,False,411,564,Thread pool mismanagement,2023-06-26,2023-07-09
3dc49cde-4e40-4a34-87af-fcc4a58f1433,Memory leak detected in WebApp-Core during stress test,Application memory usage increases steadily over time under load testing conditions.,WebApp-Core,Development,Ubuntu 22.04,N/A,Critical,P4,Open,File Handle Leak,299,1816,144.86,True,False,41,624,Unreleased object references,2023-12-23,2023-12-25
464f96c5-44a2-4de9-bd6f-e833a5c71a8d,Memory leak detected in Data-Pipeline during stress test,Application memory usage increases steadily over time under load testing conditions.,ML-Service,Development,iOS 17,Firefox 122,Critical,P1,Open,GPU Memory Leak,435,5529,80.55,False,True,18,803,Thread pool mismanagement,2023-07-16,2023-07-29
d945cfdc-1c75-4e50-afa7-6ce23794fb99,Memory leak detected in MobileApp-iOS during stress test,Application memory usage increases steadily over time under load testing conditions.,MobileApp-Android,Production,Windows 10,Firefox 122,Low,P2,Closed,File Handle Leak,186,5539,102.73,False,False,301,206,Thread pool mismanagement,2023-09-19,2023-09-27
35804571-0cc3-40a5-b5f7-92ebe99f6013,Memory leak detected in ML-Service during stress test,Application memory usage increases steadily over time under load testing conditions.,ML-Service,Staging,Ubuntu 20.04,Edge 120,Medium,P3,Closed,Cache Leak,381,1238,46.25,True,False,90,417,Thread pool mismanagement,2023-01-08,2023-01-11
6f39f47f-421a-4ad0-9584-4ea38ef6d537,Memory leak detected in ML-Service during stress test,Application memory usage increases steadily over time under load testing conditions.,MobileApp-iOS,Production,iOS 17,N/A,High,P1,Closed,Thread Leak,274,2910,142.32,False,True,388,348,Unbounded caching mechanism,2023-02-24,2023-03-13
d1f66235-9414-4e3b-88e4-9dd99535c1af,Memory leak detected in MobileApp-iOS during stress test,Application memory usage increases steadily over time under load testing conditions.,WebApp-Core,Staging,Android 13,Firefox 122,Medium,P2,Closed,File Handle Leak,114,7561,74.89,True,False,128,295,Unreleased object references,2023-12-15,2024-01-03
ae191ebf-1eed-46da-9d7a-936b3e0c28d9,Memory leak detected in MobileApp-Android during stress test,Application memory usage increases steadily over time under load testing conditions.,API-Gateway,Staging,Ubuntu 20.04,Firefox 122,High,P3,In Progress,Cache Leak,138,3301,85.41,True,True,377,248,Unclosed file streams,2023-07-24,2023-08-20
1abfbf83-094d-4b84-b5f4-a462ee93fa92,Memory leak detected in WebApp-Core during stress test,Application memory usage increases steadily over time under load testing conditions.,WebApp-Core,Development,Android 13,Safari 17,Low,P4,Closed,File Handle Leak,416,2545,56.62,False,False,460,903,Thread pool mismanagement,2023-04-16,2023-05-13
baf394bb-0cc6-4860-9e8e-8f7da851a1e7,Memory leak detected in ML-Service during stress test,Application memory usage increases steadily over time under load testing conditions.,MobileApp-Android,Development,macOS Ventura,Safari 17,Critical,P4,Resolved,Cache Leak,243,4687,62.69,True,False,500,124,Circular dependency in service layer,2023-05-21,2023-06-15
0d5974ee-e851-4caf-96f2-65a873940437,Memory leak detected in API-Gateway during stress test,Application memory usage increases steadily over time under load testing conditions.,ML-Service,Development,Ubuntu 20.04,Edge 120,High,P3,Resolved,GPU Memory Leak,106,568,102.74,False,False,491,628,Unclosed file streams,2023-09-23,2023-10-16
b1f62cdf-6ed1-4d74-99fd-f187be748ab9,Memory leak detected in MobileApp-iOS during stress test,Application memory usage increases steadily over time under load testing conditions.,MobileApp-iOS,Staging,Ubuntu 20.04,Safari 17,Medium,P3,In Progress,Heap Leak,207,3972,65.77,False,True,285,443,Unbounded caching mechanism,2023-07-07,
2d789521-a6ce-4d07-ad50-d4a8c89b524a,Memory leak detected in WebApp-Core during stress test,Application memory usage increases steadily over time under load testing conditions.,MobileApp-Android,Staging,Ubuntu 22.04,Firefox 122,High,P1,Resolved,File Handle Leak,176,6550,73.58,True,False,51,708,Improper event listener cleanup,2023-04-11,
a943c6ff-3ef6-4e89-ab84-90e329d6fbde,Memory leak detected in Data-Pipeline during stress test,Application memory usage increases steadily over time under load testing conditions.,MobileApp-iOS,Staging,Ubuntu 20.04,Edge 120,High,P2,Open,Cache Leak,422,4403,18.96,True,False,445,696,Thread pool mismanagement,2023-01-31,2023-02-09
ba9851c3-5361-4d66-95cf-a8e773f58505,Memory leak detected in MobileApp-iOS during stress test,Application memory usage increases steadily over time under load testing conditions.,MobileApp-iOS,Staging,Android 13,N/A,Critical,P1,Open,Cache Leak,375,5817,30.31,False,False,324,980,Improper event listener cleanup,2023-04-12,2023-05-03
96234a89-738e-4813-bc16-e4ad3202e0dd,Memory leak detected in ML-Service during stress test,Application memory usage increases steadily over time under load testing conditions.,API-Gateway,Development,Windows 10,Firefox 122,High,P3,Resolved,File Handle Leak,315,3263,96.53,False,False,310,661,Unbounded caching mechanism,2023-03-27,2023-04-26
256226cc-8c06-4644-abf5-5760f91726a1,Memory leak detected in ML-Service during stress test,Application memory usage increases steadily over time under load testing conditions.,API-Gateway,Staging,Windows 11,Firefox 122,Low,P3,In Progress,File Handle Leak,285,7568,113.44,True,True,86,407,Unreleased object references,2023-05-19,2023-06-13
b9fc27c7-802c-4db3-b2a3-c840ad9eada1,Memory leak detected in WebApp-Core during stress test,Application memory usage increases steadily over time under load testing conditions.,API-Gateway,Production,iOS 17,Chrome 121,Low,P2,In Progress,Heap Leak,342,7698,84.52,False,False,118,254,Circular dependency in service layer,2023-02-18,
93a4a721-f2c2-4920-8c63-e1a39df552d9,Memory leak detected in WebApp-Core during stress test,Application memory usage increases steadily over time under load testing conditions.,WebApp-Core,Production,Ubuntu 20.04,Edge 120,Critical,P1,Resolved,Thread Leak,369,1575,126.59,False,True,497,972,Circular dependency in service layer,2023-05-26,2023-05-31
6ec61bb9-5431-428a-820a-95fa502d8b84,Memory leak detected in Data-Pipeline during stress test,Application memory usage increases steadily over time under load testing conditions.,ML-Service,Staging,macOS Ventura,N/A,High,P2,Closed,Thread Leak,333,5395,96.5,True,True,227,316,Unclosed file streams,2023-10-04,
1a4c8cab-3215-4674-801d-688c0c5f1b48,Memory leak detected in MobileApp-Android during stress test,Application memory usage increases steadily over time under load testing conditions.,MobileApp-iOS,Staging,Ubuntu 22.04,N/A,Low,P1,Closed,File Handle Leak,100,586,80.88,True,False,409,300,Thread pool mismanagement,2023-07-31,2023-08-10
e488bdea-274b-40eb-a0a2-7a7532919175,Memory leak detected in ML-Service during stress test,Application memory usage increases steadily over time under load testing conditions.,API-Gateway,Staging,Windows 11,Firefox 122,Critical,P1,In Progress,File Handle Leak,196,3560,64.7,True,False,321,246,Thread pool mismanagement,2023-04-29,2023-05-17
c158fb9d-d746-4feb-abca-4fcedb0b62d3,Memory leak detected in ML-Service during stress test,Application memory usage increases steadily over time under load testing conditions.,MobileApp-iOS,Staging,Windows 11,Chrome 121,Medium,P3,Resolved,Heap Leak,245,2727,99.03,False,False,140,718,Thread pool mismanagement,2023-11-10,2023-12-02
c41352bc-e5e4-4765-a33d-3bf8ebd8e754,Memory leak detected in ML-Service during stress test,Application memory usage increases steadily over time under load testing conditions.,WebApp-Core,Development,Windows 10,Edge 120,High,P3,Closed,Heap Leak,177,658,12.2,True,True,78,16,Unbounded caching mechanism,2023-09-09,
ac3a2956-4401-44e2-ba90-c013795c0db4,Memory leak detected in API-Gateway during stress test,Application memory usage increases steadily over time under load testing conditions.,Data-Pipeline,Development,Ubuntu 20.04,Chrome 121,Medium,P4,Resolved,Cache Leak,355,6936,149.7,True,False,93,197,Unclosed file streams,2023-04-22,2023-05-02
a75e9076-d152-4153-9992-0906973c7440,Memory leak detected in API-Gateway during stress test,Application memory usage increases steadily over time under load testing conditions.,MobileApp-Android,Production,Windows 10,Firefox 122,Critical,P4,In Progress,Cache Leak,465,6792,41.1,False,False,480,331,Improper event listener cleanup,2023-07-15,2023-07-19
fb3de692-d912-4347-bbbc-a349c6056763,Memory leak detected in API-Gateway during stress test,Application memory usage increases steadily over time under load testing conditions.,Data-Pipeline,Staging,Windows 11,Edge 120,Low,P3,Open,GPU Memory Leak,366,5002,22.71,False,False,8,172,Unclosed file streams,2023-11-19,2023-12-13
fe9e503d-4554-41de-869f-492d3d62dbe8,Memory leak detected in WebApp-Core during stress test,Application memory usage increases steadily over time under load testing conditions.,ML-Service,Production,Ubuntu 22.04,N/A,Medium,P2,Open,GPU Memory Leak,224,6964,6.29,True,False,47,703,Thread pool mismanagement,2023-10-27,
b394b653-bb8e-442f-a537-0a945e0102c2,Memory leak detected in Data-Pipeline during stress test,Application memory usage increases steadily over time under load testing conditions.,MobileApp-Android,Production,macOS Ventura,Chrome 121,Medium,P1,In Progress,File Handle Leak,130,5621,13.67,False,False,376,198,Unreleased object references,2023-06-23,2023-07-18
1034ef30-1b23-4d9e-a217-4da91920a1cc,Memory leak detected in API-Gateway during stress test,Application memory usage increases steadily over time under load testing conditions.,Data-Pipeline,Staging,macOS Ventura,Edge 120,Critical,P3,In Progress,Thread Leak,228,1603,135.31,False,False,375,480,Unclosed file streams,2023-12-19,2024-01-12
fb83c1b4-eeb7-433e-9a85-2b40bf990346,Memory leak detected in API-Gateway during stress test,Application memory usage increases steadily over time under load testing conditions.,MobileApp-iOS,Staging,macOS Ventura,Edge 120,Critical,P4,Closed,GPU Memory Leak,135,1813,82.01,True,False,398,636,Improper event listener cleanup,2023-11-03,2023-11-21
226b187b-3131-481e-a020-155524d70f3e,Memory leak detected in Data-Pipeline during stress test,Application memory usage increases steadily over time under load testing conditions.,API-Gateway,Production,Windows 11,N/A,High,P2,Closed,File Handle Leak,298,4915,32.53,True,True,268,675,Unreleased object references,2023-06-14,2023-07-06
0f941144-3943-44c2-b37c-ee4941a1a3e4,Memory leak detected in API-Gateway during stress test,Application memory usage increases steadily over time under load testing conditions.,MobileApp-Android,Development,Windows 10,N/A,Critical,P1,Resolved,Heap Leak,116,1963,34.3,False,True,311,736,Unreleased object references,2023-01-23,2023-01-28
acaa14b8-c903-4d4c-af5b-4f01b2ca8dec,Memory leak detected in WebApp-Core during stress test,Application memory usage increases steadily over time under load testing conditions.,API-Gateway,Production,Windows 10,Edge 120,Critical,P2,Open,Thread Leak,351,5871,139.62,False,True,376,73,Unclosed file streams,2023-01-07,2023-01-14
12e731c5-96fb-49d1-83ac-fab2bef31e71,Memory leak detected in ML-Service during stress test,Application memory usage increases steadily over time under load testing conditions.,API-Gateway,Development,Windows 11,N/A,Medium,P3,Closed,Heap Leak,151,1295,110.15,False,False,360,682,Unbounded caching mechanism,2023-02-09,2023-02-26
3f36f344-743b-499e-9e6d-031e56dba9b5,Memory leak detected in MobileApp-iOS during stress test,Application memory usage increases steadily over time under load testing conditions.,Data-Pipeline,Development,macOS Ventura,N/A,Critical,P2,Resolved,Thread Leak,381,1977,63.23,False,False,212,783,Circular dependency in service layer,2023-02-23,
daa87ae4-f20d-4c38-8a08-9adc1a3d646e,Memory leak detected in MobileApp-Android during stress test,Application memory usage increases steadily over time under load testing conditions.,API-Gateway,Production,Android 13,Edge 120,High,P1,Closed,Cache Leak,223,5484,86.66,True,True,146,611,Unreleased object references,2023-08-09,2023-08-20
6c00e1aa-46ef-48be-b816-e26e97d97a72,Memory leak detected in MobileApp-Android during stress test,Application memory usage increases steadily over time under load testing conditions.,MobileApp-Android,Staging,Windows 10,Edge 120,Medium,P4,Open,Cache Leak,254,7793,5.95,False,True,71,272,Unclosed file streams,2023-09-23,
b565e49d-6e4b-44e6-b7a3-7ca36cdb6fd7,Memory leak detected in API-Gateway during stress test,Application memory usage increases steadily over time under load testing conditions.,ML-Service,Development,Android 13,Chrome 121,High,P1,In Progress,Cache Leak,253,7144,18.33,True,False,20,749,Thread pool mismanagement,2023-10-26,2023-11-04
a894af9c-7c6b-46be-9d40-946e4bbb6e9d,Memory leak detected in API-Gateway during stress test,Application memory usage increases steadily over time under load testing conditions.,API-Gateway,Development,iOS 17,Firefox 122,Low,P1,Open,File Handle Leak,494,958,53.49,True,False,277,579,Improper event listener cleanup,2023-07-15,
c5e7544d-8a48-4bc5-8e79-06a74493537f,Memory leak detected in API-Gateway during stress test,Application memory usage increases steadily over time under load testing conditions.,API-Gateway,Production,macOS Ventura,N/A,Low,P3,Closed,File Handle Leak,125,1754,102.68,False,True,68,345,Unreleased object references,2023-06-17,2023-06-25
ae13ffc5-a40e-411a-abdb-09768774986c,Memory leak detected in API-Gateway during stress test,Application memory usage increases steadily over time under load testing conditions.,ML-Service,Staging,iOS 17,Firefox 122,Medium,P1,In Progress,Cache Leak,304,4990,43.07,False,True,288,631,Circular dependency in service layer,2023-09-01,2023-09-03
75f3b761-fe25-42af-a5bf-c7a4525c2145,Memory leak detected in Data-Pipeline during stress test,Application memory usage increases steadily over time under load testing conditions.,ML-Service,Development,Windows 10,Safari 17,Critical,P2,Resolved,GPU Memory Leak,497,2681,67.36,False,False,305,672,Unreleased object references,2023-09-26,2023-09-29
4ffcd72c-b736-425a-b69c-fda7093c058e,Memory leak detected in API-Gateway during stress test,Application memory usage increases steadily over time under load testing conditions.,ML-Service,Development,Ubuntu 22.04,Chrome 121,Medium,P3,Resolved,GPU Memory Leak,415,3364,124.13,True,True,379,56,Improper event listener cleanup,2023-06-06,
f10240d4-80fb-4f10-88ca-778f0a1c47e6,Memory leak detected in Data-Pipeline during stress test,Application memory usage increases steadily over time under load testing conditions.,WebApp-Core,Staging,Ubuntu 22.04,Safari 17,Low,P2,In Progress,Thread Leak,247,7319,6.99,True,True,280,536,Unclosed file streams,2023-11-14,2023-12-12
a8f9f7ec-5e29-409d-9015-7b7c7bbce660,Memory leak detected in WebApp-Core during stress test,Application memory usage increases steadily over time under load testing conditions.,API-Gateway,Production,Android 13,N/A,Low,P2,In Progress,Heap Leak,455,1657,106.32,False,True,405,714,Thread pool mismanagement,2023-10-08,2023-11-01
73937a78-355e-4c9a-baa1-029d1f742808,Memory leak detected in Data-Pipeline during stress test,Application memory usage increases steadily over time under load testing conditions.,MobileApp-iOS,Production,iOS 17,Edge 120,Low,P4,Resolved,Cache Leak,104,5863,14.66,True,False,261,727,Unreleased object references,2023-05-19,
0c7deed0-fdfa-4805-a7c0-918bb7f6f4be,Memory leak detected in ML-Service during stress test,Application memory usage increases steadily over time under load testing conditions.,API-Gateway,Production,Android 13,Chrome 121,Low,P3,Resolved,File Handle Leak,145,4854,32.03,False,False,382,161,Unreleased object references,2023-06-11,2023-07-01
08082af9-b99f-4532-9489-442ee6003767,Memory leak detected in ML-Service during stress test,Application memory usage increases steadily over time under load testing conditions.,MobileApp-iOS,Development,Android 13,Edge 120,Critical,P4,Resolved,GPU Memory Leak,254,5621,39.25,True,False,460,403,Circular dependency in service layer,2023-06-27,2023-07-09
bdfdf0ba-b3d1-44e7-856a-9605834dc36c,Memory leak detected in ML-Service during stress test,Application memory usage increases steadily over time under load testing conditions.,Data-Pipeline,Production,Windows 11,Safari 17,Medium,P3,Closed,File Handle Leak,366,3631,144.29,False,False,278,135,Improper event listener cleanup,2023-03-12,
51af5d7f-46d5-40b5-9abe-b43649de636a,Memory leak detected in MobileApp-Android during stress test,Application memory usage increases steadily over time under load testing conditions.,MobileApp-iOS,Production,Android 13,N/A,Medium,P1,In Progress,Thread Leak,450,4934,121.02,True,False,35,571,Thread pool mismanagement,2023-12-01,
cab2ff85-7f38-4285-be80-b9bfe02263b4,Memory leak detected in MobileApp-iOS during stress test,Application memory usage increases steadily over time under load testing conditions.,API-Gateway,Staging,Ubuntu 20.04,Safari 17,High,P3,In Progress,Heap Leak,174,7377,110.43,True,True,14,781,Thread pool mismanagement,2023-03-02,
8d9bd852-d633-43ab-8f83-667c5adf2b4d,Memory leak detected in MobileApp-Android during stress test,Application memory usage increases steadily over time under load testing conditions.,Data-Pipeline,Development,Ubuntu 20.04,Chrome 121,Critical,P3,Closed,File Handle Leak,218,5516,91.47,True,False,252,486,Improper event listener cleanup,2023-11-12,2023-12-01
c0bffcd2-1171-4625-beaf-4a72098d1e9f,Memory leak detected in WebApp-Core during stress test,Application memory usage increases steadily over time under load testing conditions.,MobileApp-iOS,Staging,Windows 11,Firefox 122,Medium,P4,In Progress,Cache Leak,309,764,115.86,False,False,444,469,Improper event listener cleanup,2023-03-25,
7c303119-6328-4054-8734-07a522729b80,Memory leak detected in Data-Pipeline during stress test,Application memory usage increases steadily over time under load testing conditions.,MobileApp-iOS,Staging,macOS Ventura,N/A,Low,P4,Closed,Cache Leak,476,5480,124.53,True,True,266,551,Unbounded caching mechanism,2023-08-07,2023-08-09
aabaf969-8bd0-4840-a842-85ee66dbf5dc,Memory leak detected in MobileApp-Android during stress test,Application memory usage increases steadily over time under load testing conditions.,MobileApp-iOS,Staging,Ubuntu 22.04,Edge 120,High,P1,In Progress,Cache Leak,422,6768,144.58,False,True,354,530,Improper event listener cleanup,2023-01-21,2023-02-07
27ef82d0-9fa0-45f8-b7a6-b0a9a2fca089,Memory leak detected in MobileApp-Android during stress test,Application memory usage increases steadily over time under load testing conditions.,ML-Service,Production,macOS Ventura,Firefox 122,Critical,P1,Resolved,Cache Leak,469,1240,77.6,True,True,233,605,Circular dependency in service layer,2023-08-26,2023-09-10
e64348ea-1fd1-4e5f-807f-509207c76de4,Memory leak detected in Data-Pipeline during stress test,Application memory usage increases steadily over time under load testing conditions.,MobileApp-Android,Production,Android 13,Chrome 121,Low,P4,Closed,File Handle Leak,265,2548,105.3,True,False,373,811,Thread pool mismanagement,2023-04-14,2023-04-17
80cb1882-71c0-4317-a170-664810cfc67a,Memory leak detected in MobileApp-Android during stress test,Application memory usage increases steadily over time under load testing conditions.,MobileApp-iOS,Production,iOS 17,Firefox 122,Medium,P3,In Progress,Heap Leak,294,5008,11.37,False,False,159,748,Unbounded caching mechanism,2023-11-10,2023-11-23
7059b5ff-6d1b-48c9-be1b-74df25c673a2,Memory leak detected in WebApp-Core during stress test,Application memory usage increases steadily over time under load testing conditions.,ML-Service,Staging,Windows 10,Safari 17,Critical,P1,Open,Thread Leak,167,7860,144.26,False,True,112,603,Circular dependency in service layer,2023-05-28,2023-06-01
80369362-3a38-4916-ad9c-b47dad6092ad,Memory leak detected in MobileApp-Android during stress test,Application memory usage increases steadily over time under load testing conditions.,ML-Service,Staging,macOS Ventura,N/A,Medium,P4,In Progress,GPU Memory Leak,407,1150,92.01,True,False,19,149,Unreleased object references,2023-09-01,2023-09-16
201966c8-a69f-434a-b7dc-a7605860d2c7,Memory leak detected in WebApp-Core during stress test,Application memory usage increases steadily over time under load testing conditions.,WebApp-Core,Staging,Windows 11,Firefox 122,High,P3,Closed,Thread Leak,269,2944,138.46,False,True,48,787,Unclosed file streams,2023-12-08,2023-12-28
c3160c8f-c35a-44be-a7ab-52f9d770623e,Memory leak detected in ML-Service during stress test,Application memory usage increases steadily over time under load testing conditions.,WebApp-Core,Staging,Ubuntu 22.04,Firefox 122,Low,P2,Resolved,Thread Leak,134,7219,114.97,False,True,357,215,Thread pool mismanagement,2023-06-15,2023-06-28
a5acc46d-455a-47f1-ae6f-4427b2213756,Memory leak detected in WebApp-Core during stress test,Application memory usage increases steadily over time under load testing conditions.,API-Gateway,Production,Android 13,N/A,High,P1,Resolved,File Handle Leak,422,6477,81.7,False,True,315,577,Unbounded caching mechanism,2023-01-30,
2ea9f82b-0cda-4e5b-97b4-96c1ed0d2c02,Memory leak detected in MobileApp-Android during stress test,Application memory usage increases steadily over time under load testing conditions.,Data-Pipeline,Staging,Windows 11,Chrome 121,Low,P4,Closed,Heap Leak,192,4534,133.13,True,False,212,47,Unclosed file streams,2023-09-24,2023-10-10
0b261611-b48f-4c76-87cc-d09739334ce8,Memory leak detected in Data-Pipeline during stress test,Application memory usage increases steadily over time under load testing conditions.,MobileApp-iOS,Staging,iOS 17,Chrome 121,High,P2,Resolved,Heap Leak,105,2239,97.89,True,False,175,406,Circular dependency in service layer,2023-06-29,2023-07-20
df17b849-7f8a-4592-a5d5-8071f69d0af3,Memory leak detected in MobileApp-iOS during stress test,Application memory usage increases steadily over time under load testing conditions.,Data-Pipeline,Staging,Ubuntu 22.04,Chrome 121,Medium,P1,In Progress,Cache Leak,189,7316,33.13,False,False,402,834,Unbounded caching mechanism,2023-10-19,2023-10-20
800654d2-d90c-4cbf-997a-7327f8cdde61,Memory leak detected in ML-Service during stress test,Application memory usage increases steadily over time under load testing conditions.,ML-Service,Development,Windows 11,N/A,High,P2,Open,GPU Memory Leak,471,5128,103.34,False,True,174,385,Circular dependency in service layer,2023-01-29,2023-02-08
d9baf24b-69d2-48cc-8d14-1e7a1d06e170,Memory leak detected in WebApp-Core during stress test,Application memory usage increases steadily over time under load testing conditions.,MobileApp-iOS,Production,iOS 17,Edge 120,Low,P2,Closed,Heap Leak,299,5461,32.17,False,True,191,463,Unclosed file streams,2023-10-01,2023-10-20
903abe37-ad0b-4e21-9156-0dbc84e565fd,Memory leak detected in MobileApp-Android during stress test,Application memory usage increases steadily over time under load testing conditions.,WebApp-Core,Staging,macOS Ventura,Chrome 121,Critical,P3,In Progress,File Handle Leak,291,1419,118.82,False,False,398,336,Improper event listener cleanup,2023-04-21,2023-04-27
124815ac-ab82-4aaf-9fe8-c875298a0e2f,Memory leak detected in WebApp-Core during stress test,Application memory usage increases steadily over time under load testing conditions.,API-Gateway,Staging,Android 13,N/A,Low,P4,Resolved,Heap Leak,167,6043,34.75,True,False,240,911,Unreleased object references,2023-02-20,2023-03-09
dbe544a8-ce1e-4e06-ab58-1d914aef3ed2,Memory leak detected in MobileApp-iOS during stress test,Application memory usage increases steadily over time under load testing conditions.,Data-Pipeline,Development,Ubuntu 20.04,Firefox 122,Medium,P2,Resolved,Thread Leak,259,6607,8.26,False,False,344,121,Unclosed file streams,2023-02-22,2023-03-16
c799692b-bcf1-4320-adcd-71fc1d57f28a,Memory leak detected in ML-Service during stress test,Application memory usage increases steadily over time under load testing conditions.,ML-Service,Development,Windows 11,N/A,High,P2,Resolved,GPU Memory Leak,107,1437,143.95,False,True,88,73,Unclosed file streams,2023-03-18,
ac2b954a-3c4c-45be-9bb3-9932987b6196,Memory leak detected in API-Gateway during stress test,Application memory usage increases steadily over time under load testing conditions.,Data-Pipeline,Development,Windows 10,Safari 17,Low,P4,Closed,Cache Leak,125,4134,23.86,True,False,316,365,Unclosed file streams,2023-11-10,2023-11-28
39667752-b30b-42ed-9557-f4273de7d208,Memory leak detected in WebApp-Core during stress test,Application memory usage increases steadily over time under load testing conditions.,API-Gateway,Production,Windows 11,Chrome 121,Critical,P4,Closed,File Handle Leak,443,6712,122.35,False,False,119,971,Improper event listener cleanup,2023-06-20,2023-07-13
6122aec1-56e2-4c9a-a46b-ac85519980d1,Memory leak detected in Data-Pipeline during stress test,Application memory usage increases steadily over time under load testing conditions.,Data-Pipeline,Staging,iOS 17,Edge 120,Critical,P1,Open,Heap Leak,286,2613,61.85,False,True,180,491,Unbounded caching mechanism,2023-03-15,2023-04-04
5ce5bb36-122d-466a-9491-a8f5eb8b9753,Memory leak detected in WebApp-Core during stress test,Application memory usage increases steadily over time under load testing conditions.,API-Gateway,Production,iOS 17,Chrome 121,High,P4,Resolved,Thread Leak,394,5451,23.47,False,False,303,424,Improper event listener cleanup,2023-03-29,2023-04-10
5344dbd7-3e08-4249-8727-361b1d9dfd8f,Memory leak detected in MobileApp-Android during stress test,Application memory usage increases steadily over time under load testing conditions.,Data-Pipeline,Production,Ubuntu 22.04,Safari 17,High,P3,In Progress,Heap Leak,296,4451,14.58,False,True,304,611,Unbounded caching mechanism,2023-11-14,2023-11-20
7e33475d-0292-49bf-9e40-264a7f10e672,Memory leak detected in API-Gateway during stress test,Application memory usage increases steadily over time under load testing conditions.,WebApp-Core,Production,Windows 10,N/A,Critical,P2,Closed,Heap Leak,190,4147,49.67,True,True,419,143,Thread pool mismanagement,2023-06-16,2023-07-13
5b5c8976-c398-48ce-94e2-9100fbe0ac14,Memory leak detected in ML-Service during stress test,Application memory usage increases steadily over time under load testing conditions.,MobileApp-iOS,Staging,macOS Ventura,N/A,Critical,P3,In Progress,File Handle Leak,438,1701,26.64,False,False,471,966,Unbounded caching mechanism,2023-11-22,2023-12-17
d25b41ec-185d-4c2f-b5d9-b0f4f905d4c1,Memory leak detected in API-Gateway during stress test,Application memory usage increases steadily over time under load testing conditions.,MobileApp-Android,Staging,Windows 10,Edge 120,Low,P4,Resolved,Heap Leak,413,566,148.03,False,True,121,443,Circular dependency in service layer,2023-06-26,2023-07-15
3f400490-f943-43a4-b3bd-fb171534508f,Memory leak detected in API-Gateway during stress test,Application memory usage increases steadily over time under load testing conditions.,ML-Service,Development,Android 13,Firefox 122,Critical,P3,In Progress,Thread Leak,295,6330,63.87,False,False,431,428,Improper event listener cleanup,2023-10-30,2023-11-10
3172ae8a-b514-4c83-8faf-8115c0acb9dc,Memory leak detected in Data-Pipeline during stress test,Application memory usage increases steadily over time under load testing conditions.,WebApp-Core,Development,Android 13,Safari 17,Critical,P3,Open,GPU Memory Leak,168,1528,6.68,False,False,458,808,Circular dependency in service layer,2023-05-28,2023-06-19
3545078b-aff6-4f2a-9642-75db4ad960dc,Memory leak detected in ML-Service during stress test,Application memory usage increases steadily over time under load testing conditions.,API-Gateway,Staging,Ubuntu 20.04,Firefox 122,Medium,P1,Open,Thread Leak,332,1972,78.87,False,True,365,514,Unclosed file streams,2023-11-06,2023-11-26
0009415c-37c7-4fbd-b3f8-572af63037a5,Memory leak detected in ML-Service during stress test,Application memory usage increases steadily over time under load testing conditions.,API-Gateway,Production,Ubuntu 20.04,Chrome 121,Critical,P4,In Progress,Thread Leak,117,3506,146.84,False,False,265,81,Thread pool mismanagement,2023-07-30,2023-08-18
480ca3ba-c19e-4048-ba69-135e6a838973,Memory leak detected in Data-Pipeline during stress test,Application memory usage increases steadily over time under load testing conditions.,WebApp-Core,Production,Android 13,N/A,High,P4,Resolved,Thread Leak,422,4370,112.54,True,False,233,525,Unbounded caching mechanism,2023-11-09,
924b8a9f-e6c0-433d-84b1-e923b3a84ce6,Memory leak detected in WebApp-Core during stress test,Application memory usage increases steadily over time under load testing conditions.,Data-Pipeline,Production,Android 13,Edge 120,High,P4,Closed,Thread Leak,250,3391,46.94,True,True,337,299,Circular dependency in service layer,2023-10-21,2023-11-04
28cae4cc-bcc1-45df-b268-6e0da844583f,Memory leak detected in WebApp-Core during stress test,Application memory usage increases steadily over time under load testing conditions.,MobileApp-iOS,Staging,Windows 11,N/A,High,P2,Resolved,Heap Leak,142,4471,23.39,True,True,466,606,Circular dependency in service layer,2023-11-16,
402e3c17-e14b-4440-bb1b-c488a65e7b2e,Memory leak detected in Data-Pipeline during stress test,Application memory usage increases steadily over time under load testing conditions.,MobileApp-Android,Staging,Windows 11,N/A,Low,P2,Open,GPU Memory Leak,189,7117,42.88,True,False,386,423,Unbounded caching mechanism,2023-03-19,2023-03-31
83f8bff7-135a-43ca-9128-69e9e9d3f206,Memory leak detected in Data-Pipeline during stress test,Application memory usage increases steadily over time under load testing conditions.,MobileApp-iOS,Development,Android 13,Edge 120,Low,P4,In Progress,Cache Leak,185,5723,35.57,False,False,155,488,Circular dependency in service layer,2023-05-02,2023-05-26
200427b2-bc26-4970-b9fb-221457cb7627,Memory leak detected in MobileApp-Android during stress test,Application memory usage increases steadily over time under load testing conditions.,ML-Service,Staging,Windows 10,Edge 120,Critical,P1,Resolved,Thread Leak,299,6280,73.82,True,True,470,545,Circular dependency in service layer,2023-09-30,2023-10-22
a43e0e61-b805-45d7-a58d-f0ac2b6a5ced,Memory leak detected in MobileApp-iOS during stress test,Application memory usage increases steadily over time under load testing conditions.,MobileApp-iOS,Staging,iOS 17,Chrome 121,High,P1,Closed,GPU Memory Leak,433,5501,129.46,True,False,347,707,Improper event listener cleanup,2023-07-01,2023-07-15
a61cca81-0742-41f2-8d0d-23b07cc3ee63,Memory leak detected in WebApp-Core during stress test,Application memory usage increases steadily over time under load testing conditions.,ML-Service,Development,Android 13,Safari 17,High,P3,Resolved,File Handle Leak,134,569,6.73,True,True,13,635,Unreleased object references,2023-06-10,2023-07-02
a627fad6-3832-4cff-9669-22f923c16d24,Memory leak detected in Data-Pipeline during stress test,Application memory usage increases steadily over time under load testing conditions.,WebApp-Core,Production,Windows 10,Chrome 121,Medium,P1,In Progress,Heap Leak,211,7823,142.82,True,False,151,479,Circular dependency in service layer,2023-01-30,2023-02-21
466d6d82-0bdf-4027-9b52-8b2d10a56c6c,Memory leak detected in Data-Pipeline during stress test,Application memory usage increases steadily over time under load testing conditions.,MobileApp-iOS,Staging,Windows 11,Chrome 121,High,P4,Closed,Cache Leak,493,2764,66.91,False,True,133,979,Unclosed file streams,2023-02-08,2023-03-10
8c02f4ee-c7dc-48d3-b21a-a6560c7271f2,Memory leak detected in Data-Pipeline during stress test,Application memory usage increases steadily over time under load testing conditions.,API-Gateway,Development,Windows 11,N/A,Critical,P3,Open,Cache Leak,412,2143,61.93,False,True,18,75,Unreleased object references,2023-04-02,2023-04-18
d1347208-86d8-4d8c-9c89-e0487cb1e2ea,Memory leak detected in MobileApp-Android during stress test,Application memory usage increases steadily over time under load testing conditions.,Data-Pipeline,Production,Windows 10,Chrome 121,Critical,P2,In Progress,File Handle Leak,109,4152,134.99,False,True,264,725,Unbounded caching mechanism,2023-10-20,2023-11-14
c23bcbb3-f04a-43f1-8f1d-5c6029ff2134,Memory leak detected in WebApp-Core during stress test,Application memory usage increases steadily over time under load testing conditions.,ML-Service,Development,Windows 10,Safari 17,Critical,P4,Resolved,File Handle Leak,499,6461,122.78,False,False,29,648,Circular dependency in service layer,2023-09-02,2023-09-30
e9321afd-1c5f-4ece-821f-ba993c5cfa75,Memory leak detected in MobileApp-iOS during stress test,Application memory usage increases steadily over time under load testing conditions.,Data-Pipeline,Development,Windows 11,N/A,Low,P1,In Progress,File Handle Leak,141,3285,126.97,False,True,323,706,Unclosed file streams,2023-02-16,2023-03-16
d7d0dbdb-7ca2-4654-afe6-f2b8d3d32569,Memory leak detected in MobileApp-Android during stress test,Application memory usage increases steadily over time under load testing conditions.,WebApp-Core,Development,Windows 10,N/A,Medium,P1,Closed,Heap Leak,324,5683,111.62,False,False,274,989,Unbounded caching mechanism,2023-09-07,
9d0e9bff-f4b9-4309-aef2-a0ac38e1d671,Memory leak detected in WebApp-Core during stress test,Application memory usage increases steadily over time under load testing conditions.,API-Gateway,Development,Windows 11,N/A,Critical,P3,In Progress,Heap Leak,272,959,119.23,True,True,251,670,Unreleased object references,2023-01-09,
06701511-846c-4191-a7c4-0a2d24d72a62,Memory leak detected in MobileApp-Android during stress test,Application memory usage increases steadily over time under load testing conditions.,WebApp-Core,Development,Android 13,Chrome 121,High,P4,Closed,Thread Leak,224,875,106.69,True,True,419,838,Unreleased object references,2023-08-30,2023-09-19
80a2cc0a-7316-46e0-9fa6-b7948c8121d3,Memory leak detected in MobileApp-Android during stress test,Application memory usage increases steadily over time under load testing conditions.,API-Gateway,Staging,iOS 17,Safari 17,High,P4,In Progress,File Handle Leak,212,5543,14.15,True,True,304,178,Unclosed file streams,2023-02-28,2023-03-26
038ef992-d8df-4c20-a298-d4edf2e0a726,Memory leak detected in Data-Pipeline during stress test,Application memory usage increases steadily over time under load testing conditions.,MobileApp-iOS,Production,Windows 11,Safari 17,Medium,P4,In Progress,Heap Leak,487,1657,65.2,False,True,9,901,Unbounded caching mechanism,2023-02-02,
01c64aa9-350e-4227-b7f7-ac7ea4d0321f,Memory leak detected in ML-Service during stress test,Application memory usage increases steadily over time under load testing conditions.,MobileApp-iOS,Staging,Android 13,Safari 17,Medium,P3,In Progress,File Handle Leak,145,1969,107.48,False,False,123,961,Improper event listener cleanup,2023-02-11,
798ffeb4-6069-4374-a83e-14cb6a475f55,Memory leak detected in WebApp-Core during stress test,Application memory usage increases steadily over time under load testing conditions.,Data-Pipeline,Staging,Ubuntu 20.04,Safari 17,Low,P3,In Progress,Heap Leak,467,1974,77.48,True,False,442,780,Thread pool mismanagement,2023-11-09,2023-11-29
179954a2-82a8-4491-89cf-36fb8ff1e255,Memory leak detected in WebApp-Core during stress test,Application memory usage increases steadily over time under load testing conditions.,MobileApp-Android,Development,iOS 17,Firefox 122,Critical,P1,In Progress,GPU Memory Leak,437,5631,35.18,True,True,331,373,Unclosed file streams,2023-09-17,2023-10-12
3b5dcb39-b503-4fd4-bbce-9fb877e19e3c,Memory leak detected in WebApp-Core during stress test,Application memory usage increases steadily over time under load testing conditions.,Data-Pipeline,Development,macOS Ventura,Firefox 122,Medium,P4,Closed,Thread Leak,488,5552,70.71,True,True,459,241,Circular dependency in service layer,2023-04-18,2023-04-29
0d405d78-6aca-461f-8c85-8d323cda6fa8,Memory leak detected in MobileApp-iOS during stress test,Application memory usage increases steadily over time under load testing conditions.,MobileApp-Android,Development,Ubuntu 20.04,Firefox 122,Low,P3,Closed,GPU Memory Leak,201,3932,113.33,False,True,38,483,Thread pool mismanagement,2023-08-16,2023-08-27
130ef859-64d8-48da-8c1c-b389f449d89c,Memory leak detected in ML-Service during stress test,Application memory usage increases steadily over time under load testing conditions.,API-Gateway,Development,Ubuntu 22.04,Edge 120,Medium,P1,In Progress,File Handle Leak,174,4070,36.34,False,True,172,131,Unreleased object references,2023-09-06,
de665a91-e058-4c13-8a74-ee27d80ae6ba,Memory leak detected in API-Gateway during stress test,Application memory usage increases steadily over time under load testing conditions.,API-Gateway,Development,iOS 17,Edge 120,Medium,P2,In Progress,Thread Leak,156,1618,128.49,True,True,45,422,Thread pool mismanagement,2023-12-21,2023-12-30
c7917b31-6327-498c-990a-c37283c46bb9,Memory leak detected in MobileApp-iOS during stress test,Application memory usage increases steadily over time under load testing conditions.,WebApp-Core,Production,Ubuntu 22.04,Firefox 122,Medium,P2,Closed,Thread Leak,342,5346,126.36,True,True,468,588,Unreleased object references,2023-09-08,2023-09-15
92b9a585-5638-42f8-ae87-0b76b9c5ebef,Memory leak detected in WebApp-Core during stress test,Application memory usage increases steadily over time under load testing conditions.,API-Gateway,Production,Ubuntu 22.04,Safari 17,Low,P1,Closed,GPU Memory Leak,475,4355,116.45,True,True,355,750,Unbounded caching mechanism,2023-08-02,2023-08-04
dbb48b88-d441-475f-8ad4-6dd675cb4ab3,Memory leak detected in WebApp-Core during stress test,Application memory usage increases steadily over time under load testing conditions.,WebApp-Core,Staging,Android 13,Edge 120,Medium,P1,Open,Cache Leak,222,2923,98.91,False,True,448,721,Unbounded caching mechanism,2023-04-22,
a38a6577-e45b-467d-971d-8a0f50ac6c8d,Memory leak detected in WebApp-Core during stress test,Application memory usage increases steadily over time under load testing conditions.,Data-Pipeline,Development,Ubuntu 22.04,Edge 120,Low,P2,Closed,File Handle Leak,337,5634,107.07,True,True,318,902,Unclosed file streams,2023-04-05,2023-04-17
5356159f-6182-48ff-863d-a52a91702842,Memory leak detected in WebApp-Core during stress test,Application memory usage increases steadily over time under load testing conditions.,API-Gateway,Staging,Ubuntu 22.04,N/A,Low,P2,Resolved,GPU Memory Leak,286,6026,133.76,True,True,71,343,Improper event listener cleanup,2023-01-29,2023-02-28
67bcae39-6322-4fb9-89c3-f4fbef230e32,Memory leak detected in ML-Service during stress test,Application memory usage increases steadily over time under load testing conditions.,Data-Pipeline,Development,iOS 17,Firefox 122,High,P2,Resolved,Thread Leak,477,4419,141.18,False,False,28,65,Unclosed file streams,2023-10-04,
4319456b-59ba-4523-a450-e1cf405c6ffc,Memory leak detected in ML-Service during stress test,Application memory usage increases steadily over time under load testing conditions.,Data-Pipeline,Production,Ubuntu 20.04,Safari 17,High,P4,In Progress,Cache Leak,162,4814,73.17,True,True,201,920,Improper event listener cleanup,2023-06-26,2023-07-13
99939aaf-c14e-4d19-b055-53e7250d11d5,Memory leak detected in Data-Pipeline during stress test,Application memory usage increases steadily over time under load testing conditions.,MobileApp-Android,Staging,Windows 11,Firefox 122,Low,P2,Closed,Thread Leak,184,1395,45.01,True,False,178,431,Unbounded caching mechanism,2023-05-28,2023-05-31
0b07876c-6d84-4a98-bcad-5d3f12759d14,Memory leak detected in MobileApp-Android during stress test,Application memory usage increases steadily over time under load testing conditions.,ML-Service,Production,Ubuntu 20.04,Safari 17,High,P2,Closed,Thread Leak,132,2048,8.2,False,False,156,581,Improper event listener cleanup,2023-11-27,
a093dd83-f88d-45d8-9524-6c47f2bef4a3,Memory leak detected in MobileApp-iOS during stress test,Application memory usage increases steadily over time under load testing conditions.,WebApp-Core,Development,Ubuntu 20.04,Edge 120,Critical,P3,In Progress,Thread Leak,216,2629,75.22,False,True,499,180,Circular dependency in service layer,2023-06-06,
440c8a82-d79c-4744-800f-8d510b2c453f,Memory leak detected in WebApp-Core during stress test,Application memory usage increases steadily over time under load testing conditions.,MobileApp-iOS,Production,Windows 11,Safari 17,High,P2,In Progress,GPU Memory Leak,182,1757,39.5,True,False,177,152,Unclosed file streams,2023-12-21,2024-01-16
921034c6-a0c1-40b5-a731-bdcbb30a3263,Memory leak detected in WebApp-Core during stress test,Application memory usage increases steadily over time under load testing conditions.,API-Gateway,Staging,iOS 17,Firefox 122,Critical,P2,In Progress,Heap Leak,254,4871,22.62,False,False,243,918,Unclosed file streams,2023-08-18,2023-08-24
b73419d8-1cb1-4176-b987-64e3acf51de8,Memory leak detected in API-Gateway during stress test,Application memory usage increases steadily over time under load testing conditions.,MobileApp-iOS,Production,Windows 10,Safari 17,Low,P3,Open,File Handle Leak,473,5130,136.5,True,False,317,862,Improper event listener cleanup,2023-10-21,2023-11-16
00d14b50-b611-4118-b414-e8f0027a4df8,Memory leak detected in ML-Service during stress test,Application memory usage increases steadily over time under load testing conditions.,ML-Service,Development,iOS 17,Edge 120,Medium,P4,Open,Thread Leak,411,950,97.99,False,True,500,525,Unbounded caching mechanism,2023-08-17,2023-08-28
557ff308-cc90-4d3e-943e-6ce054282756,Memory leak detected in Data-Pipeline during stress test,Application memory usage increases steadily over time under load testing conditions.,MobileApp-iOS,Staging,Windows 11,Safari 17,High,P1,Resolved,Heap Leak,361,5456,141.79,False,False,180,316,Unbounded caching mechanism,2023-04-10,2023-04-30
e3345e29-0643-41bb-aa7c-aab0e7aaeb90,Memory leak detected in API-Gateway during stress test,Application memory usage increases steadily over time under load testing conditions.,API-Gateway,Staging,Windows 11,Safari 17,Critical,P3,Open,GPU Memory Leak,327,6462,112.52,True,False,244,889,Thread pool mismanagement,2023-10-15,
6ee2cdc6-6df3-4420-8d0b-c121e5069b51,Memory leak detected in WebApp-Core during stress test,Application memory usage increases steadily over time under load testing conditions.,API-Gateway,Production,Ubuntu 20.04,Safari 17,Medium,P1,In Progress,GPU Memory Leak,487,5338,59.49,True,False,149,568,Unbounded caching mechanism,2023-06-21,
32f4d5b9-31ca-40d7-8293-7934bc58931b,Memory leak detected in ML-Service during stress test,Application memory usage increases steadily over time under load testing conditions.,Data-Pipeline,Staging,Windows 11,Chrome 121,Low,P3,Resolved,File Handle Leak,399,7336,49.07,False,True,335,682,Unclosed file streams,2023-01-22,2023-02-01
9f0376fd-fd46-4d7b-bff3-0f737ac44143,Memory leak detected in WebApp-Core during stress test,Application memory usage increases steadily over time under load testing conditions.,WebApp-Core,Staging,Ubuntu 22.04,Chrome 121,High,P1,Closed,File Handle Leak,452,7928,98.49,False,True,192,525,Circular dependency in service layer,2023-08-02,
3181cd6b-55fc-497e-886e-0f250005d065,Memory leak detected in MobileApp-Android during stress test,Application memory usage increases steadily over time under load testing conditions.,MobileApp-iOS,Staging,Android 13,Firefox 122,High,P3,Open,File Handle Leak,183,2626,89.34,False,False,326,934,Unclosed file streams,2023-10-22,
662e6f03-d624-4a9e-9997-3be931ecbc6f,Memory leak detected in Data-Pipeline during stress test,Application memory usage increases steadily over time under load testing conditions.,MobileApp-Android,Development,macOS Ventura,Firefox 122,High,P2,Resolved,File Handle Leak,139,5734,79.51,False,True,274,594,Unclosed file streams,2023-01-25,2023-02-11
44f77bd1-4109-4d2d-944e-2ec466a19659,Memory leak detected in API-Gateway during stress test,Application memory usage increases steadily over time under load testing conditions.,API-Gateway,Staging,Windows 11,Chrome 121,Medium,P3,In Progress,GPU Memory Leak,244,4744,59.09,True,False,236,939,Unreleased object references,2023-03-15,
549fba4e-2156-4910-82de-6038f16f5bb5,Memory leak detected in Data-Pipeline during stress test,Application memory usage increases steadily over time under load testing conditions.,MobileApp-iOS,Development,iOS 17,Safari 17,High,P3,Resolved,Heap Leak,345,642,55.49,True,True,66,878,Circular dependency in service layer,2023-03-01,2023-03-31
67d98985-3a41-4e6c-9cf3-1f8459e35230,Memory leak detected in WebApp-Core during stress test,Application memory usage increases steadily over time under load testing conditions.,API-Gateway,Production,iOS 17,Chrome 121,Low,P4,Closed,Cache Leak,207,1526,23.88,True,True,56,34,Circular dependency in service layer,2023-03-14,2023-03-24
1e45990a-5450-4083-b1f5-abbb7750b3ce,Memory leak detected in MobileApp-iOS during stress test,Application memory usage increases steadily over time under load testing conditions.,Data-Pipeline,Development,iOS 17,Chrome 121,Low,P3,In Progress,GPU Memory Leak,229,1474,11.28,False,True,47,150,Circular dependency in service layer,2023-09-20,2023-10-06
8facae32-d1f5-4329-9b14-ecc0f4e445c2,Memory leak detected in Data-Pipeline during stress test,Application memory usage increases steadily over time under load testing conditions.,ML-Service,Development,macOS Ventura,N/A,Low,P4,Open,Thread Leak,182,3385,129.0,True,True,494,289,Improper event listener cleanup,2023-05-23,2023-06-04
16433f79-1e9d-4c15-b91e-9658537c7a14,Memory leak detected in ML-Service during stress test,Application memory usage increases steadily over time under load testing conditions.,Data-Pipeline,Staging,Ubuntu 20.04,N/A,Medium,P1,Open,GPU Memory Leak,150,6442,139.01,False,False,218,220,Thread pool mismanagement,2023-10-03,
bf3e2239-1b2b-4350-9b14-def8484cd656,Memory leak detected in ML-Service during stress test,Application memory usage increases steadily over time under load testing conditions.,MobileApp-Android,Staging,iOS 17,Edge 120,High,P4,Open,File Handle Leak,163,3074,72.56,False,True,198,291,Unbounded caching mechanism,2023-04-27,2023-05-22
c4b9ce8f-4379-4ac7-8887-51182aaba979,Memory leak detected in API-Gateway during stress test,Application memory usage increases steadily over time under load testing conditions.,MobileApp-iOS,Staging,Windows 11,Chrome 121,Critical,P2,In Progress,Heap Leak,327,7390,37.75,False,True,203,449,Thread pool mismanagement,2023-11-04,2023-11-26
61d78906-5438-463d-8b7a-4fda4cebd640,Memory leak detected in ML-Service during stress test,Application memory usage increases steadily over time under load testing conditions.,WebApp-Core,Production,Windows 11,Chrome 121,High,P3,Resolved,GPU Memory Leak,302,1674,63.09,False,True,120,859,Unbounded caching mechanism,2023-12-04,2023-12-08
59c5186e-cd11-4c4b-863d-187352601b59,Memory leak detected in Data-Pipeline during stress test,Application memory usage increases steadily over time under load testing conditions.,API-Gateway,Staging,Ubuntu 22.04,N/A,Critical,P1,Resolved,GPU Memory Leak,397,6774,91.08,False,True,63,257,Unbounded caching mechanism,2023-09-13,2023-10-06
eaa7785a-df85-4b65-b459-6c21fc84b85c,Memory leak detected in WebApp-Core during stress test,Application memory usage increases steadily over time under load testing conditions.,API-Gateway,Production,Windows 10,Firefox 122,Critical,P2,In Progress,File Handle Leak,150,743,111.98,True,True,339,770,Thread pool mismanagement,2023-09-12,2023-09-17
c8d4c3dc-88ce-4c2c-881c-4f366d5ab414,Memory leak detected in ML-Service during stress test,Application memory usage increases steadily over time under load testing conditions.,MobileApp-iOS,Production,Ubuntu 20.04,N/A,Low,P4,Closed,Heap Leak,438,2904,77.2,False,False,162,874,Unbounded caching mechanism,2023-09-10,2023-09-17
5b78611f-91a1-46cf-b4e4-629bb3b8d94c,Memory leak detected in MobileApp-iOS during stress test,Application memory usage increases steadily over time under load testing conditions.,Data-Pipeline,Development,Ubuntu 22.04,Safari 17,Medium,P2,Closed,Cache Leak,385,1948,100.61,True,False,338,568,Circular dependency in service layer,2023-08-15,2023-08-17
fb2d3d52-9818-4392-ae28-a329cef75a13,Memory leak detected in API-Gateway during stress test,Application memory usage increases steadily over time under load testing conditions.,MobileApp-iOS,Staging,macOS Ventura,Safari 17,High,P2,Resolved,Heap Leak,180,5105,78.47,True,True,66,858,Unclosed file streams,2023-10-04,2023-10-20
f44f6b8e-4975-4c81-9a9d-8aee2baaa60a,Memory leak detected in MobileApp-iOS during stress test,Application memory usage increases steadily over time under load testing conditions.,API-Gateway,Development,Ubuntu 22.04,Edge 120,High,P1,Resolved,Heap Leak,491,720,134.24,True,True,121,664,Unclosed file streams,2023-06-28,2023-07-17
75392560-1624-4db3-8b00-e7fc45f4034c,Memory leak detected in WebApp-Core during stress test,Application memory usage increases steadily over time under load testing conditions.,MobileApp-iOS,Development,Windows 10,N/A,High,P4,Closed,Cache Leak,133,6136,131.0,False,False,11,713,Unbounded caching mechanism,2023-10-31,
abb7e3a8-b87d-46a6-bd4a-2c0dbb63ef4c,Memory leak detected in MobileApp-iOS during stress test,Application memory usage increases steadily over time under load testing conditions.,ML-Service,Development,iOS 17,Safari 17,Low,P3,Resolved,Cache Leak,293,3092,87.7,False,True,315,307,Unclosed file streams,2023-10-29,
ae618af2-a86c-45f0-9852-ad1269f3de50,Memory leak detected in ML-Service during stress test,Application memory usage increases steadily over time under load testing conditions.,MobileApp-Android,Staging,Ubuntu 20.04,Chrome 121,High,P1,In Progress,Thread Leak,138,7441,126.86,True,True,304,345,Unclosed file streams,2023-08-12,2023-09-02
aed19d22-737b-47bb-b6fe-c5c7d1b07218,Memory leak detected in WebApp-Core during stress test,Application memory usage increases steadily over time under load testing conditions.,Data-Pipeline,Staging,macOS Ventura,Edge 120,Critical,P2,In Progress,Cache Leak,318,4393,35.41,False,False,320,528,Unbounded caching mechanism,2023-02-04,2023-02-21
456914af-e017-44f8-98fa-7ffe7f1c8f66,Memory leak detected in ML-Service during stress test,Application memory usage increases steadily over time under load testing conditions.,MobileApp-Android,Production,Ubuntu 22.04,Firefox 122,Critical,P2,Closed,Thread Leak,109,7716,96.04,True,True,187,474,Improper event listener cleanup,2023-12-10,2023-12-16
fd58b932-fdaf-42d8-a24e-4a2ca604a128,Memory leak detected in API-Gateway during stress test,Application memory usage increases steadily over time under load testing conditions.,API-Gateway,Staging,iOS 17,Chrome 121,Medium,P1,Resolved,File Handle Leak,491,6114,48.54,True,False,352,616,Improper event listener cleanup,2023-05-04,
6195ee51-e7eb-414a-960a-b8178d73e0be,Memory leak detected in MobileApp-iOS during stress test,Application memory usage increases steadily over time under load testing conditions.,API-Gateway,Staging,macOS Ventura,Safari 17,Critical,P4,In Progress,GPU Memory Leak,114,2072,40.61,False,True,15,265,Unclosed file streams,2023-07-27,2023-08-01
2594e35f-dfd0-4b2c-8e43-c7cdafbf498c,Memory leak detected in API-Gateway during stress test,Application memory usage increases steadily over time under load testing conditions.,WebApp-Core,Development,iOS 17,Chrome 121,High,P2,Open,Cache Leak,121,7483,144.75,False,True,204,966,Circular dependency in service layer,2023-12-04,2023-12-25
640152fe-c7b2-444a-8eac-942fc6efcc45,Memory leak detected in ML-Service during stress test,Application memory usage increases steadily over time under load testing conditions.,Data-Pipeline,Production,iOS 17,N/A,High,P1,Open,GPU Memory Leak,356,6516,140.28,True,False,169,853,Thread pool mismanagement,2023-03-13,2023-04-01
7d7db50a-6d89-49a0-ac30-b7667723eb91,Memory leak detected in WebApp-Core during stress test,Application memory usage increases steadily over time under load testing conditions.,MobileApp-Android,Development,Ubuntu 20.04,Safari 17,Critical,P2,Open,Cache Leak,316,2432,36.61,False,True,163,559,Unbounded caching mechanism,2023-07-19,2023-08-12
ab483eeb-18c9-46e3-a82b-7f575ecce40d,Memory leak detected in Data-Pipeline during stress test,Application memory usage increases steadily over time under load testing conditions.,MobileApp-iOS,Staging,Windows 10,N/A,Low,P4,In Progress,File Handle Leak,174,7704,57.63,False,False,328,982,Circular dependency in service layer,2023-09-01,2023-09-10
e7a8c8dc-677a-4696-8d7d-69dbc256cb9b,Memory leak detected in API-Gateway during stress test,Application memory usage increases steadily over time under load testing conditions.,API-Gateway,Development,Ubuntu 22.04,Edge 120,High,P4,In Progress,File Handle Leak,373,1499,130.71,True,True,469,450,Circular dependency in service layer,2023-07-05,2023-07-27
173895d3-354e-45de-a444-b770c4f50da5,Memory leak detected in MobileApp-iOS during stress test,Application memory usage increases steadily over time under load testing conditions.,WebApp-Core,Staging,Ubuntu 22.04,Safari 17,High,P1,Open,GPU Memory Leak,308,5779,119.45,False,True,181,431,Thread pool mismanagement,2023-06-12,2023-07-07
28eab568-c81f-4661-9e58-a0415d7ef3a9,Memory leak detected in Data-Pipeline during stress test,Application memory usage increases steadily over time under load testing conditions.,Data-Pipeline,Development,Android 13,Safari 17,Medium,P4,Closed,GPU Memory Leak,114,6195,115.49,False,False,295,85,Unreleased object references,2023-10-08,2023-10-23
51b596f2-2d50-49df-ac90-5469487849be,Memory leak detected in ML-Service during stress test,Application memory usage increases steadily over time under load testing conditions.,Data-Pipeline,Staging,iOS 17,Edge 120,Critical,P1,In Progress,File Handle Leak,432,6788,115.66,True,False,410,289,Improper event listener cleanup,2023-03-22,2023-04-14
3eae6949-b6c1-411d-891c-e6a28ecf87ac,Memory leak detected in ML-Service during stress test,Application memory usage increases steadily over time under load testing conditions.,MobileApp-Android,Development,Windows 10,N/A,Medium,P4,Closed,GPU Memory Leak,293,3723,141.99,False,True,26,411,Thread pool mismanagement,2023-02-13,2023-02-19
d0c0f957-4501-4daa-9cea-bf87acf9848a,Memory leak detected in ML-Service during stress test,Application memory usage increases steadily over time under load testing conditions.,WebApp-Core,Development,Android 13,N/A,Critical,P1,Closed,Heap Leak,288,1229,29.67,True,True,98,969,Unclosed file streams,2023-08-08,2023-08-13
f866900e-5f7f-424f-968d-211f6de65d43,Memory leak detected in ML-Service during stress test,Application memory usage increases steadily over time under load testing conditions.,MobileApp-Android,Staging,Android 13,Firefox 122,Critical,P3,Closed,GPU Memory Leak,320,1566,129.17,True,False,500,269,Improper event listener cleanup,2023-05-28,2023-06-10
8078b552-69f3-4cf5-8042-0dddb278c948,Memory leak detected in API-Gateway during stress test,Application memory usage increases steadily over time under load testing conditions.,WebApp-Core,Development,Ubuntu 22.04,Firefox 122,High,P1,In Progress,Cache Leak,398,3528,104.22,False,False,38,98,Thread pool mismanagement,2023-11-13,2023-11-21
11c0dd62-c1fd-4b25-bfd9-caf4af279d09,Memory leak detected in ML-Service during stress test,Application memory usage increases steadily over time under load testing conditions.,Data-Pipeline,Production,Android 13,Chrome 121,Low,P2,Closed,File Handle Leak,341,2423,136.69,False,False,68,992,Thread pool mismanagement,2023-01-31,
19a33e58-87c1-4f9f-aec2-24cb5e629e36,Memory leak detected in MobileApp-iOS during stress test,Application memory usage increases steadily over time under load testing conditions.,API-Gateway,Development,Windows 10,Edge 120,Critical,P3,Resolved,Heap Leak,357,1891,76.46,False,True,66,512,Unclosed file streams,2023-01-22,2023-01-31
04564566-d5d3-4493-9a53-fbfd4b11fb4b,Memory leak detected in MobileApp-iOS during stress test,Application memory usage increases steadily over time under load testing conditions.,ML-Service,Staging,Ubuntu 22.04,Firefox 122,High,P1,In Progress,Thread Leak,234,7895,93.88,False,True,97,153,Unreleased object references,2023-07-04,2023-07-14
988ffa45-3866-48c7-afe5-8ed3c092a52b,Memory leak detected in API-Gateway during stress test,Application memory usage increases steadily over time under load testing conditions.,API-Gateway,Development,Ubuntu 22.04,Chrome 121,Critical,P2,Closed,Cache Leak,233,4352,28.72,False,True,434,738,Improper event listener cleanup,2023-04-28,
6f0315d8-ccfe-44d0-abb9-36f68eddf439,Memory leak detected in MobileApp-Android during stress test,Application memory usage increases steadily over time under load testing conditions.,Data-Pipeline,Production,iOS 17,Edge 120,Medium,P4,In Progress,Cache Leak,245,7612,31.19,True,True,394,511,Circular dependency in service layer,2023-03-05,2023-03-12
5bb8fbf6-f43d-49da-93b0-25ddea5c8970,Memory leak detected in WebApp-Core during stress test,Application memory usage increases steadily over time under load testing conditions.,API-Gateway,Staging,macOS Ventura,Chrome 121,High,P3,Open,Heap Leak,448,2828,147.29,False,False,233,644,Unclosed file streams,2023-02-18,2023-02-19
e946604b-0338-4198-947d-773e41f94ba9,Memory leak detected in API-Gateway during stress test,Application memory usage increases steadily over time under load testing conditions.,MobileApp-iOS,Production,Android 13,N/A,Medium,P3,Open,File Handle Leak,435,859,95.24,False,True,381,73,Thread pool mismanagement,2023-11-01,2023-11-12
2a8fbb3b-919c-40ba-8377-24582b368c42,Memory leak detected in API-Gateway during stress test,Application memory usage increases steadily over time under load testing conditions.,WebApp-Core,Development,iOS 17,Firefox 122,Medium,P1,Closed,File Handle Leak,191,2590,39.81,True,True,153,503,Unbounded caching mechanism,2023-11-05,2023-11-18
207e92e7-6891-4e91-8303-2a9fae37570f,Memory leak detected in MobileApp-iOS during stress test,Application memory usage increases steadily over time under load testing conditions.,ML-Service,Development,Ubuntu 22.04,Safari 17,Critical,P1,Resolved,Thread Leak,283,1575,101.5,False,True,388,433,Unclosed file streams,2023-06-08,2023-06-28
6f99c0b7-ed55-4cb7-b80b-cd2afbe39af0,Memory leak detected in ML-Service during stress test,Application memory usage increases steadily over time under load testing conditions.,MobileApp-iOS,Staging,Android 13,Firefox 122,Medium,P1,Open,File Handle Leak,318,5666,18.48,False,False,41,929,Unbounded caching mechanism,2023-11-11,
b6599b8f-1247-4450-bc53-11f2a37afd82,Memory leak detected in MobileApp-Android during stress test,Application memory usage increases steadily over time under load testing conditions.,ML-Service,Staging,Ubuntu 20.04,N/A,Low,P4,Open,Thread Leak,450,1546,135.92,True,False,212,97,Unbounded caching mechanism,2023-06-03,
23d84a70-4978-4616-bc2f-d795fe2fcdd1,Memory leak detected in WebApp-Core during stress test,Application memory usage increases steadily over time under load testing conditions.,ML-Service,Development,Windows 10,Safari 17,Medium,P3,Closed,Heap Leak,281,2575,41.95,True,False,449,722,Unclosed file streams,2023-12-05,2024-01-01
53238bf7-bde6-4358-a59d-906d5d724b73,Memory leak detected in MobileApp-iOS during stress test,Application memory usage increases steadily over time under load testing conditions.,MobileApp-iOS,Development,Windows 11,Firefox 122,Low,P2,Open,Cache Leak,443,6704,70.24,True,True,203,120,Unreleased object references,2023-06-10,2023-06-25
2686554a-8249-44da-a7c0-9e1b63cca9fd,Memory leak detected in Data-Pipeline during stress test,Application memory usage increases steadily over time under load testing conditions.,ML-Service,Production,Ubuntu 22.04,Edge 120,High,P1,Resolved,Heap Leak,307,6167,130.97,True,True,8,196,Unreleased object references,2023-03-29,2023-04-13
69fe80b9-bc94-47ee-a7b7-a4ff95430a7e,Memory leak detected in Data-Pipeline during stress test,Application memory usage increases steadily over time under load testing conditions.,MobileApp-Android,Production,Windows 11,Safari 17,Medium,P4,Resolved,Cache Leak,113,7537,35.34,True,False,217,23,Unreleased object references,2023-01-09,2023-01-16
a7f344af-2046-4470-bc7a-a35894ec8164,Memory leak detected in API-Gateway during stress test,Application memory usage increases steadily over time under load testing conditions.,WebApp-Core,Staging,macOS Ventura,Firefox 122,Medium,P2,Closed,Heap Leak,327,6255,144.76,False,True,53,646,Circular dependency in service layer,2023-03-27,2023-04-20
dd2be267-184e-481d-a7a5-2a79735f2947,Memory leak detected in Data-Pipeline during stress test,Application memory usage increases steadily over time under load testing conditions.,ML-Service,Staging,Windows 10,Safari 17,Critical,P1,Closed,GPU Memory Leak,477,4560,88.91,True,True,217,591,Unclosed file streams,2023-08-10,2023-09-07
6e3626e4-ef7a-4148-beb0-4730b767c8b0,Memory leak detected in API-Gateway during stress test,Application memory usage increases steadily over time under load testing conditions.,WebApp-Core,Staging,macOS Ventura,Edge 120,Critical,P1,Open,GPU Memory Leak,431,7814,65.48,False,True,241,353,Unbounded caching mechanism,2023-10-11,
18648e9f-83f2-4236-b160-6353eebddd3e,Memory leak detected in ML-Service during stress test,Application memory usage increases steadily over time under load testing conditions.,Data-Pipeline,Production,Ubuntu 22.04,Firefox 122,High,P1,Closed,File Handle Leak,450,7947,54.18,False,True,319,213,Unclosed file streams,2023-04-29,2023-05-18
5ced3e2b-014d-46fa-a4ae-fe1dd55d4abd,Memory leak detected in MobileApp-Android during stress test,Application memory usage increases steadily over time under load testing conditions.,ML-Service,Staging,Windows 10,Safari 17,Critical,P2,In Progress,GPU Memory Leak,166,4455,30.13,True,True,184,903,Unclosed file streams,2023-12-20,2024-01-11
54797ece-cee5-431c-a4e2-74c40b94859b,Memory leak detected in WebApp-Core during stress test,Application memory usage increases steadily over time under load testing conditions.,MobileApp-iOS,Staging,Windows 10,N/A,Medium,P4,In Progress,Cache Leak,357,7282,9.64,False,False,402,364,Unreleased object references,2023-07-02,2023-07-08
d4d01c02-4cae-4d3e-b289-38fe0e14e5d0,Memory leak detected in ML-Service during stress test,Application memory usage increases steadily over time under load testing conditions.,Data-Pipeline,Development,Android 13,Chrome 121,Critical,P1,Open,Heap Leak,453,7491,131.69,True,True,260,108,Improper event listener cleanup,2023-10-13,2023-10-18
2be9184c-0993-4f5e-bf0d-e7e4281d9426,Memory leak detected in MobileApp-iOS during stress test,Application memory usage increases steadily over time under load testing conditions.,Data-Pipeline,Staging,iOS 17,N/A,Critical,P4,In Progress,File Handle Leak,285,2182,27.77,False,True,63,869,Improper event listener cleanup,2023-11-19,
6649ffd1-c67d-4762-a560-61f616ad2c7a,Memory leak detected in API-Gateway during stress test,Application memory usage increases steadily over time under load testing conditions.,MobileApp-iOS,Staging,macOS Ventura,Firefox 122,Low,P2,Resolved,Cache Leak,103,6799,40.57,False,True,78,772,Thread pool mismanagement,2023-08-13,2023-09-07
144ec2d9-90c9-4f21-a6da-8ee1241b5c25,Memory leak detected in API-Gateway during stress test,Application memory usage increases steadily over time under load testing conditions.,API-Gateway,Production,iOS 17,Edge 120,Low,P1,In Progress,Heap Leak,319,7068,64.94,True,True,174,323,Unbounded caching mechanism,2023-08-04,2023-08-09
dd1521c3-f96e-42cd-8e79-ad4374d95dcb,Memory leak detected in Data-Pipeline during stress test,Application memory usage increases steadily over time under load testing conditions.,MobileApp-Android,Production,Windows 10,N/A,High,P1,Closed,Thread Leak,118,6719,100.73,False,False,466,353,Unreleased object references,2023-03-26,2023-04-08
310aceaf-db72-4502-9f0a-39fe5b2fe4bb,Memory leak detected in Data-Pipeline during stress test,Application memory usage increases steadily over time under load testing conditions.,MobileApp-Android,Production,macOS Ventura,N/A,Critical,P2,Closed,GPU Memory Leak,458,1703,63.57,False,True,19,551,Unclosed file streams,2023-05-24,2023-06-13
206cfb1c-424e-46d6-934f-e2b71a82944a,Memory leak detected in ML-Service during stress test,Application memory usage increases steadily over time under load testing conditions.,MobileApp-iOS,Development,Windows 10,N/A,High,P2,In Progress,Heap Leak,164,7707,80.47,True,False,124,853,Unclosed file streams,2023-07-19,2023-08-12
b5da8ecf-e48d-4d45-8ed5-149373cc08f5,Memory leak detected in MobileApp-iOS during stress test,Application memory usage increases steadily over time under load testing conditions.,Data-Pipeline,Production,Ubuntu 20.04,Chrome 121,Low,P4,Closed,File Handle Leak,130,6496,127.03,True,False,174,242,Circular dependency in service layer,2023-08-05,2023-08-09
866d289d-7b96-4af3-a024-91b50d36ae79,Memory leak detected in ML-Service during stress test,Application memory usage increases steadily over time under load testing conditions.,MobileApp-Android,Staging,Ubuntu 20.04,Edge 120,Medium,P1,In Progress,Heap Leak,440,5642,82.33,False,True,422,798,Unclosed file streams,2023-10-25,2023-11-23
cb3b1b79-0681-44f1-9902-a492dced6c0b,Memory leak detected in WebApp-Core during stress test,Application memory usage increases steadily over time under load testing conditions.,WebApp-Core,Development,Ubuntu 22.04,Firefox 122,Critical,P3,Closed,Heap Leak,317,6329,125.12,False,False,302,573,Thread pool mismanagement,2023-08-21,
c1bf678b-8b87-4cd5-88f7-2531c7afe1ab,Memory leak detected in API-Gateway during stress test,Application memory usage increases steadily over time under load testing conditions.,Data-Pipeline,Staging,Android 13,Safari 17,Medium,P3,In Progress,Cache Leak,425,4586,66.4,False,True,496,722,Thread pool mismanagement,2023-07-22,2023-08-10
5d46d2e5-6ba2-426a-92d0-387e649bec02,Memory leak detected in Data-Pipeline during stress test,Application memory usage increases steadily over time under load testing conditions.,MobileApp-Android,Production,Ubuntu 20.04,Chrome 121,Critical,P4,Open,File Handle Leak,333,2241,73.64,False,True,268,157,Unreleased object references,2023-09-28,
80e9a394-6dd0-4df6-a57f-5c0eeead6bcb,Memory leak detected in MobileApp-Android during stress test,Application memory usage increases steadily over time under load testing conditions.,MobileApp-Android,Production,Ubuntu 22.04,Chrome 121,High,P2,In Progress,GPU Memory Leak,250,2984,75.46,False,True,63,561,Unclosed file streams,2023-07-10,2023-07-22
52267082-a51a-405d-bf91-8fb2dfab3ee9,Memory leak detected in API-Gateway during stress test,Application memory usage increases steadily over time under load testing conditions.,MobileApp-iOS,Staging,Ubuntu 22.04,N/A,Medium,P3,Closed,Cache Leak,393,4441,49.91,False,True,444,746,Unclosed file streams,2023-02-04,2023-02-18
60af13b3-14de-4bee-b10f-a3be4c5334ae,Memory leak detected in API-Gateway during stress test,Application memory usage increases steadily over time under load testing conditions.,MobileApp-iOS,Production,Windows 10,Safari 17,High,P4,In Progress,Heap Leak,309,5608,61.15,False,True,330,573,Unreleased object references,2023-02-15,2023-03-09
798e7de0-fde6-41bb-a784-9261cd1d578b,Memory leak detected in ML-Service during stress test,Application memory usage increases steadily over time under load testing conditions.,ML-Service,Development,iOS 17,Safari 17,Low,P4,In Progress,Heap Leak,487,5225,12.67,False,True,126,850,Circular dependency in service layer,2023-04-09,2023-04-27
7f15d979-07cb-4539-89b6-b73a39b90fe5,Memory leak detected in ML-Service during stress test,Application memory usage increases steadily over time under load testing conditions.,WebApp-Core,Staging,iOS 17,Chrome 121,High,P1,In Progress,Cache Leak,410,4870,51.46,True,False,196,264,Unreleased object references,2023-10-24,2023-11-19
0aefe9c9-aebe-4f72-817c-23d5e3da3953,Memory leak detected in MobileApp-iOS during stress test,Application memory usage increases steadily over time under load testing conditions.,WebApp-Core,Development,Ubuntu 20.04,Safari 17,Medium,P4,Resolved,GPU Memory Leak,246,1877,25.88,True,True,153,400,Unreleased object references,2023-02-28,2023-03-18
0995093c-c5a4-4619-9db0-a7ab75a5839b,Memory leak detected in WebApp-Core during stress test,Application memory usage increases steadily over time under load testing conditions.,WebApp-Core,Development,Windows 11,N/A,Medium,P1,Closed,Heap Leak,265,7815,42.4,False,True,163,476,Thread pool mismanagement,2023-06-13,
a1431502-6f34-4d4e-a90e-2f32d93f8705,Memory leak detected in WebApp-Core during stress test,Application memory usage increases steadily over time under load testing conditions.,MobileApp-iOS,Production,macOS Ventura,Chrome 121,Medium,P3,Resolved,Thread Leak,308,736,96.86,False,False,43,867,Circular dependency in service layer,2023-07-28,
48236b68-2fef-414e-8857-3bb61ba78a91,Memory leak detected in MobileApp-Android during stress test,Application memory usage increases steadily over time under load testing conditions.,ML-Service,Staging,macOS Ventura,Safari 17,Low,P4,Closed,Thread Leak,376,3558,147.87,False,True,1,62,Unbounded caching mechanism,2023-09-14,2023-09-19
00ae3ad8-d429-460b-b8ab-ca2b1e3fdea6,Memory leak detected in Data-Pipeline during stress test,Application memory usage increases steadily over time under load testing conditions.,MobileApp-Android,Production,iOS 17,N/A,High,P4,In Progress,Thread Leak,294,6070,149.89,True,False,46,405,Circular dependency in service layer,2023-05-20,2023-06-16
940b27da-c9a9-4e3e-a3b8-f0b801e22089,Memory leak detected in MobileApp-Android during stress test,Application memory usage increases steadily over time under load testing conditions.,ML-Service,Production,iOS 17,Edge 120,High,P2,Closed,File Handle Leak,243,5058,132.35,True,False,175,216,Unbounded caching mechanism,2023-03-04,2023-03-28
03892da2-9bd6-41a3-8ca3-48cc4bce000a,Memory leak detected in WebApp-Core during stress test,Application memory usage increases steadily over time under load testing conditions.,ML-Service,Staging,Windows 10,Chrome 121,Medium,P1,Closed,Cache Leak,168,6167,98.73,True,True,276,32,Circular dependency in service layer,2023-11-03,2023-12-03
cac58507-569e-4e16-91b0-f0601fa69231,Memory leak detected in MobileApp-iOS during stress test,Application memory usage increases steadily over time under load testing conditions.,API-Gateway,Development,iOS 17,Chrome 121,Low,P1,Resolved,GPU Memory Leak,292,7158,124.98,False,True,114,761,Unreleased object references,2023-08-16,2023-08-28
41cdc03c-2e6d-4427-b7ca-66c0a83f759f,Memory leak detected in ML-Service during stress test,Application memory usage increases steadily over time under load testing conditions.,Data-Pipeline,Staging,iOS 17,Firefox 122,Medium,P1,Resolved,Heap Leak,198,3431,18.05,False,False,464,721,Circular dependency in service layer,2023-05-24,2023-06-16
4269da3e-4cc5-46a6-9e8e-5c135c3613ff,Memory leak detected in MobileApp-iOS during stress test,Application memory usage increases steadily over time under load testing conditions.,ML-Service,Production,Ubuntu 22.04,Firefox 122,Medium,P3,Open,Thread Leak,426,7226,62.43,True,True,66,266,Thread pool mismanagement,2023-11-07,2023-11-14
6c7a1347-fa65-4fd2-816c-0903479afae1,Memory leak detected in Data-Pipeline during stress test,Application memory usage increases steadily over time under load testing conditions.,WebApp-Core,Production,Android 13,N/A,High,P1,Open,Cache Leak,240,6908,32.82,True,False,222,865,Unbounded caching mechanism,2023-04-27,2023-05-21
9d1713a7-ab4b-41df-b7cd-9370340c4448,Memory leak detected in ML-Service during stress test,Application memory usage increases steadily over time under load testing conditions.,WebApp-Core,Production,Windows 11,Chrome 121,High,P1,Closed,File Handle Leak,338,4745,76.86,True,False,100,343,Unreleased object references,2023-05-21,
3cb17b54-b559-41c3-823c-b41aa5b8eef1,Memory leak detected in WebApp-Core during stress test,Application memory usage increases steadily over time under load testing conditions.,MobileApp-Android,Development,Windows 11,Edge 120,High,P4,Open,Heap Leak,453,2348,66.45,False,False,414,25,Thread pool mismanagement,2023-10-20,2023-11-13
25bdefc3-0fa0-430b-800a-188fe56380f8,Memory leak detected in MobileApp-Android during stress test,Application memory usage increases steadily over time under load testing conditions.,MobileApp-iOS,Development,iOS 17,Edge 120,Medium,P4,Closed,Heap Leak,226,2551,20.64,False,True,44,998,Unreleased object references,2023-11-17,2023-12-14
f8e00dee-bf45-408d-889c-c798b9204811,Memory leak detected in MobileApp-Android during stress test,Application memory usage increases steadily over time under load testing conditions.,WebApp-Core,Staging,Windows 10,Edge 120,Critical,P4,Open,Heap Leak,455,7444,14.43,True,False,436,391,Unbounded caching mechanism,2023-01-18,2023-02-16
18e2321c-2004-493e-8a47-de19ddf99f5f,Memory leak detected in ML-Service during stress test,Application memory usage increases steadily over time under load testing conditions.,WebApp-Core,Staging,Ubuntu 22.04,Safari 17,Critical,P4,Resolved,Heap Leak,406,2409,119.18,False,False,301,198,Unreleased object references,2023-02-19,2023-03-05
b75a1826-adbf-4f89-a446-e238773245bd,Memory leak detected in MobileApp-Android during stress test,Application memory usage increases steadily over time under load testing conditions.,ML-Service,Development,Android 13,N/A,High,P2,Closed,Cache Leak,134,6343,90.97,False,True,125,141,Unreleased object references,2023-02-22,
b5835844-7bc6-4c5d-ba33-7cb1a8ae3030,Memory leak detected in Data-Pipeline during stress test,Application memory usage increases steadily over time under load testing conditions.,MobileApp-iOS,Staging,macOS Ventura,N/A,Medium,P3,Closed,File Handle Leak,323,5288,79.4,False,False,189,994,Unreleased object references,2023-01-31,
1b386495-8a7e-419a-b4e1-36dfe3be216a,Memory leak detected in ML-Service during stress test,Application memory usage increases steadily over time under load testing conditions.,WebApp-Core,Staging,Ubuntu 20.04,Firefox 122,Medium,P3,Open,File Handle Leak,129,1684,39.42,True,False,356,709,Unbounded caching mechanism,2023-09-23,2023-10-15
e24c1c52-a0f7-45df-a5ef-1676df0e9d80,Memory leak detected in ML-Service during stress test,Application memory usage increases steadily over time under load testing conditions.,MobileApp-iOS,Staging,Ubuntu 20.04,Firefox 122,Low,P1,Open,Cache Leak,389,5238,144.64,True,True,328,229,Circular dependency in service layer,2023-11-04,2023-12-02
cc3ecd7c-8a4d-4077-b8e4-5a1621c67774,Memory leak detected in MobileApp-iOS during stress test,Application memory usage increases steadily over time under load testing conditions.,Data-Pipeline,Staging,Windows 11,Safari 17,Medium,P4,Resolved,Heap Leak,346,2458,111.51,True,False,16,569,Unreleased object references,2023-04-28,2023-05-05
573a91e3-be86-4224-a7af-54d675d734b2,Memory leak detected in MobileApp-iOS during stress test,Application memory usage increases steadily over time under load testing conditions.,WebApp-Core,Development,Windows 11,Firefox 122,High,P3,In Progress,File Handle Leak,399,5671,137.34,True,False,434,568,Improper event listener cleanup,2023-03-14,2023-03-21
de3cb0b0-88c2-418f-ae3e-d077ae7e3fcc,Memory leak detected in WebApp-Core during stress test,Application memory usage increases steadily over time under load testing conditions.,Data-Pipeline,Development,Ubuntu 22.04,Chrome 121,High,P3,Resolved,Cache Leak,234,1942,137.04,True,False,415,382,Circular dependency in service layer,2023-04-02,
9ce44a15-012b-4d30-b672-4f392ebe0d62,Memory leak detected in WebApp-Core during stress test,Application memory usage increases steadily over time under load testing conditions.,WebApp-Core,Development,Windows 11,Firefox 122,Medium,P1,Resolved,File Handle Leak,322,5605,132.37,False,True,472,48,Thread pool mismanagement,2023-03-29,2023-04-24
3916f359-fe0b-4afd-8907-c5ca5fdb6e52,Memory leak detected in MobileApp-iOS during stress test,Application memory usage increases steadily over time under load testing conditions.,MobileApp-Android,Development,Android 13,Edge 120,Medium,P1,In Progress,Heap Leak,250,4886,119.49,False,True,86,521,Unbounded caching mechanism,2023-10-28,
d8348a02-3293-4a2d-8017-bc60a6d8173b,Memory leak detected in MobileApp-iOS during stress test,Application memory usage increases steadily over time under load testing conditions.,Data-Pipeline,Staging,macOS Ventura,Safari 17,Critical,P1,Resolved,Thread Leak,365,4584,72.32,False,True,107,225,Improper event listener cleanup,2023-11-27,2023-12-09
741e33fe-8b87-48ff-879f-e9196113f7af,Memory leak detected in API-Gateway during stress test,Application memory usage increases steadily over time under load testing conditions.,ML-Service,Development,iOS 17,Edge 120,High,P4,In Progress,Heap Leak,256,2290,66.63,False,False,266,361,Improper event listener cleanup,2023-08-20,2023-09-02
337e37bd-1923-48ab-87a7-4e812e730f58,Memory leak detected in API-Gateway during stress test,Application memory usage increases steadily over time under load testing conditions.,API-Gateway,Staging,Ubuntu 22.04,Edge 120,Critical,P2,Resolved,Cache Leak,418,4696,53.77,True,True,227,240,Unclosed file streams,2023-10-26,
f0765905-cd2d-4237-900b-da9243efc03e,Memory leak detected in ML-Service during stress test,Application memory usage increases steadily over time under load testing conditions.,ML-Service,Production,Android 13,Chrome 121,High,P3,Open,Heap Leak,142,7884,47.71,True,False,20,560,Improper event listener cleanup,2023-11-27,
0d4ef1a8-53a9-47a4-839c-f211a6899f27,Memory leak detected in Data-Pipeline during stress test,Application memory usage increases steadily over time under load testing conditions.,MobileApp-iOS,Development,Android 13,N/A,Medium,P2,Open,File Handle Leak,228,3197,48.89,False,False,401,414,Unbounded caching mechanism,2023-06-20,
a1617a8f-91fd-4ff2-8a5c-1a4d4d2408c7,Memory leak detected in MobileApp-Android during stress test,Application memory usage increases steadily over time under load testing conditions.,API-Gateway,Development,Windows 11,Firefox 122,Critical,P3,Closed,Cache Leak,434,4366,79.33,False,True,161,867,Improper event listener cleanup,2023-10-24,2023-10-25
8f9bcd89-6df5-4f4a-b149-1479dd3224b5,Memory leak detected in ML-Service during stress test,Application memory usage increases steadily over time under load testing conditions.,WebApp-Core,Staging,Windows 11,N/A,Medium,P2,Open,Cache Leak,207,3921,68.61,False,False,116,430,Unbounded caching mechanism,2023-08-08,2023-08-31
fe2e637f-8d11-429c-ad76-5d3ea725dfbd,Memory leak detected in MobileApp-iOS during stress test,Application memory usage increases steadily over time under load testing conditions.,ML-Service,Development,macOS Ventura,Chrome 121,Medium,P3,Resolved,Thread Leak,453,6878,82.95,False,False,105,972,Unbounded caching mechanism,2023-12-18,2024-01-12
92818172-2e93-4342-b832-8b93fd680518,Memory leak detected in API-Gateway during stress test,Application memory usage increases steadily over time under load testing conditions.,Data-Pipeline,Staging,Windows 10,Firefox 122,Low,P3,Open,Thread Leak,155,4389,52.68,False,True,96,204,Unreleased object references,2023-02-02,2023-02-09
5f809fbc-f406-47e5-a338-441883b2c5ad,Memory leak detected in API-Gateway during stress test,Application memory usage increases steadily over time under load testing conditions.,WebApp-Core,Staging,macOS Ventura,Chrome 121,Medium,P2,Closed,Cache Leak,437,2884,81.04,True,True,67,550,Unbounded caching mechanism,2023-07-17,2023-07-25
555a800a-187d-43f4-8ac1-69c51bf4af98,Memory leak detected in MobileApp-Android during stress test,Application memory usage increases steadily over time under load testing conditions.,MobileApp-iOS,Staging,iOS 17,Safari 17,Medium,P2,In Progress,Thread Leak,205,7902,23.84,False,False,104,8,Improper event listener cleanup,2023-09-02,2023-09-15
c97ad9c9-51e1-431e-a518-93401b2b2594,Memory leak detected in ML-Service during stress test,Application memory usage increases steadily over time under load testing conditions.,MobileApp-iOS,Production,Ubuntu 22.04,Safari 17,Critical,P4,Open,File Handle Leak,409,3770,122.1,False,False,359,863,Circular dependency in service layer,2023-08-17,
c4f1ccf8-3abb-4199-8326-cccd074dcc17,Memory leak detected in MobileApp-Android during stress test,Application memory usage increases steadily over time under load testing conditions.,ML-Service,Production,Ubuntu 22.04,Safari 17,Critical,P3,Open,Cache Leak,189,7135,65.18,True,True,454,892,Improper event listener cleanup,2023-06-02,2023-06-29
04332008-f6ce-43da-a963-74610913ed9e,Memory leak detected in Data-Pipeline during stress test,Application memory usage increases steadily over time under load testing conditions.,Data-Pipeline,Production,Windows 11,Safari 17,Critical,P4,Resolved,Heap Leak,441,2891,137.86,True,False,210,462,Improper event listener cleanup,2023-05-21,2023-06-08
70664139-247d-4aaa-9f44-4162b9915062,Memory leak detected in Data-Pipeline during stress test,Application memory usage increases steadily over time under load testing conditions.,Data-Pipeline,Production,Ubuntu 22.04,Safari 17,High,P1,In Progress,Cache Leak,113,4286,15.61,True,True,129,118,Circular dependency in service layer,2023-05-10,2023-05-12
5dc36f52-8f4f-4367-bc78-6ae675a215f1,Memory leak detected in WebApp-Core during stress test,Application memory usage increases steadily over time under load testing conditions.,ML-Service,Production,Windows 11,Safari 17,Medium,P1,Resolved,GPU Memory Leak,348,4303,71.9,True,True,311,103,Improper event listener cleanup,2023-03-11,2023-04-04
27606254-e936-432e-94ae-fdfa45053cbb,Memory leak detected in Data-Pipeline during stress test,Application memory usage increases steadily over time under load testing conditions.,WebApp-Core,Production,Ubuntu 20.04,Firefox 122,Critical,P2,In Progress,GPU Memory Leak,300,6573,29.43,True,True,227,714,Unreleased object references,2023-05-31,
63a6321f-101e-4fc3-bddf-0ff6e1ddaeb5,Memory leak detected in WebApp-Core during stress test,Application memory usage increases steadily over time under load testing conditions.,API-Gateway,Production,Ubuntu 20.04,Safari 17,Low,P4,Open,Cache Leak,466,5927,100.71,True,True,192,931,Improper event listener cleanup,2023-11-22,2023-12-13
ca5e7a04-62ad-4060-967b-8c18a1a589a1,Memory leak detected in MobileApp-iOS during stress test,Application memory usage increases steadily over time under load testing conditions.,MobileApp-Android,Production,Android 13,Chrome 121,Medium,P4,In Progress,GPU Memory Leak,114,3954,148.45,True,False,263,111,Unclosed file streams,2023-04-13,
b2117920-9a06-4310-9d2c-2a1454fa1fed,Memory leak detected in API-Gateway during stress test,Application memory usage increases steadily over time under load testing conditions.,API-Gateway,Development,Windows 11,Firefox 122,Low,P2,Resolved,GPU Memory Leak,206,5617,140.48,True,False,335,324,Unreleased object references,2023-06-15,2023-06-22
f3a6641f-a6b7-4883-a6b2-df390e19c36c,Memory leak detected in Data-Pipeline during stress test,Application memory usage increases steadily over time under load testing conditions.,ML-Service,Staging,Windows 10,Chrome 121,Medium,P1,Resolved,Thread Leak,436,1040,123.19,False,True,365,550,Thread pool mismanagement,2023-07-19,2023-07-27
f873f677-3a71-4d9a-babe-e404b89ef501,Memory leak detected in Data-Pipeline during stress test,Application memory usage increases steadily over time under load testing conditions.,API-Gateway,Production,iOS 17,Firefox 122,High,P3,Resolved,Cache Leak,266,5414,147.31,True,False,10,624,Thread pool mismanagement,2023-03-29,2023-04-02
6b3ca6d7-75e9-4fce-8b0f-49479804c87b,Memory leak detected in Data-Pipeline during stress test,Application memory usage increases steadily over time under load testing conditions.,WebApp-Core,Development,Windows 10,N/A,Low,P2,In Progress,Cache Leak,219,6576,78.0,True,True,31,141,Unclosed file streams,2023-08-18,2023-09-08
66441889-9a74-488c-8427-ae3240430b4c,Memory leak detected in MobileApp-Android during stress test,Application memory usage increases steadily over time under load testing conditions.,Data-Pipeline,Production,Ubuntu 22.04,Edge 120,Medium,P2,Resolved,Heap Leak,204,3578,98.1,False,False,385,25,Improper event listener cleanup,2023-09-13,2023-09-18
08022354-f938-4fd5-9375-bfcb16dc060d,Memory leak detected in Data-Pipeline during stress test,Application memory usage increases steadily over time under load testing conditions.,MobileApp-Android,Production,Android 13,Firefox 122,Critical,P2,In Progress,Cache Leak,127,4918,136.46,True,True,446,504,Unreleased object references,2023-06-19,2023-06-26
4fcc2dfd-05f4-4dba-89b6-205a601c2391,Memory leak detected in MobileApp-Android during stress test,Application memory usage increases steadily over time under load testing conditions.,ML-Service,Production,iOS 17,Firefox 122,Medium,P4,Closed,Cache Leak,204,1659,23.21,False,True,370,203,Improper event listener cleanup,2023-04-09,
7782ac47-fc11-4f05-b246-174b3128e221,Memory leak detected in API-Gateway during stress test,Application memory usage increases steadily over time under load testing conditions.,Data-Pipeline,Development,Ubuntu 20.04,Safari 17,Low,P2,Closed,Cache Leak,255,2539,46.38,True,False,226,433,Thread pool mismanagement,2023-08-06,
e870952c-f963-43c0-a4d3-eec3c63c894e,Memory leak detected in API-Gateway during stress test,Application memory usage increases steadily over time under load testing conditions.,API-Gateway,Development,iOS 17,Edge 120,Medium,P3,Resolved,Cache Leak,346,1776,7.87,False,False,233,291,Unbounded caching mechanism,2023-11-09,2023-12-04
0446b0a5-4b5e-4359-a30c-25977618287d,Memory leak detected in MobileApp-Android during stress test,Application memory usage increases steadily over time under load testing conditions.,MobileApp-Android,Development,Windows 10,Chrome 121,High,P1,Closed,Cache Leak,169,3229,108.66,False,False,197,502,Unclosed file streams,2023-10-15,2023-10-18
c2fe86e4-035f-4ef6-8862-9e5309a102cb,Memory leak detected in WebApp-Core during stress test,Application memory usage increases steadily over time under load testing conditions.,API-Gateway,Production,Windows 11,Firefox 122,Critical,P2,Resolved,Thread Leak,119,3848,148.91,False,False,357,60,Circular dependency in service layer,2023-11-25,2023-11-28
34e30aa7-d476-4d0a-9fb5-2bf83d7d818c,Memory leak detected in MobileApp-iOS during stress test,Application memory usage increases steadily over time under load testing conditions.,Data-Pipeline,Production,Android 13,Chrome 121,Medium,P2,Closed,GPU Memory Leak,224,2521,74.27,False,True,309,593,Circular dependency in service layer,2023-07-17,2023-08-10
47b07fb9-6d9f-4a0e-a678-e83e11b8c20d,Memory leak detected in API-Gateway during stress test,Application memory usage increases steadily over time under load testing conditions.,API-Gateway,Production,macOS Ventura,Chrome 121,Medium,P1,In Progress,Cache Leak,147,6815,98.44,False,False,257,991,Thread pool mismanagement,2023-03-24,
5ca6517a-4f7f-4b69-a729-9f7b84858d41,Memory leak detected in Data-Pipeline during stress test,Application memory usage increases steadily over time under load testing conditions.,WebApp-Core,Development,Android 13,N/A,High,P3,Resolved,GPU Memory Leak,475,3022,64.68,False,False,4,173,Unbounded caching mechanism,2023-12-04,2023-12-23
bfd4844b-501c-4b19-8721-41d8fdae2337,Memory leak detected in API-Gateway during stress test,Application memory usage increases steadily over time under load testing conditions.,Data-Pipeline,Staging,Android 13,Safari 17,Medium,P3,Resolved,GPU Memory Leak,456,6838,65.59,True,True,250,187,Thread pool mismanagement,2023-01-01,
fcd49a7c-7bed-441f-943a-398ec6a5ac3a,Memory leak detected in Data-Pipeline during stress test,Application memory usage increases steadily over time under load testing conditions.,MobileApp-Android,Development,Ubuntu 20.04,Safari 17,Critical,P4,In Progress,Heap Leak,195,2241,34.14,False,True,194,128,Unclosed file streams,2023-02-26,2023-03-25
db9bd2e1-7c6b-4d3f-bcd7-bf4468ee4d8c,Memory leak detected in WebApp-Core during stress test,Application memory usage increases steadily over time under load testing conditions.,WebApp-Core,Development,Ubuntu 20.04,Chrome 121,Low,P4,In Progress,Thread Leak,344,2423,75.35,True,False,309,533,Unclosed file streams,2023-02-02,2023-02-21
f7ebb47b-abdc-4be8-b982-3bd2e9a19fa2,Memory leak detected in Data-Pipeline during stress test,Application memory usage increases steadily over time under load testing conditions.,MobileApp-iOS,Staging,iOS 17,Firefox 122,High,P1,Closed,Thread Leak,319,5451,53.8,True,False,448,339,Unreleased object references,2023-09-06,2023-09-17
b2b911c8-81b6-42e3-80ff-a2abd4c978d4,Memory leak detected in MobileApp-Android during stress test,Application memory usage increases steadily over time under load testing conditions.,WebApp-Core,Production,Windows 10,N/A,High,P3,Resolved,Cache Leak,471,3791,126.14,False,False,339,193,Unreleased object references,2023-01-02,2023-01-25
1b859ea6-2b27-4ea9-b645-a563c6275eb6,Memory leak detected in WebApp-Core during stress test,Application memory usage increases steadily over time under load testing conditions.,Data-Pipeline,Staging,Android 13,Safari 17,Medium,P1,Closed,Thread Leak,108,3139,96.9,True,False,220,962,Unbounded caching mechanism,2023-11-23,2023-12-20
c3e4fe48-0cf7-4b92-91c1-335f6c1e5c11,Memory leak detected in ML-Service during stress test,Application memory usage increases steadily over time under load testing conditions.,MobileApp-Android,Production,Windows 11,N/A,Low,P3,Closed,Heap Leak,475,1322,60.8,False,False,87,918,Unbounded caching mechanism,2023-12-04,2024-01-02
fd21aa8c-ddb4-484b-a8ca-a1d104c1d13a,Memory leak detected in Data-Pipeline during stress test,Application memory usage increases steadily over time under load testing conditions.,Data-Pipeline,Development,Windows 10,Safari 17,Low,P3,Resolved,Cache Leak,224,2473,35.69,False,True,369,264,Circular dependency in service layer,2023-03-01,2023-03-19
75cf3b7f-3897-4260-91e9-f9b6e52446e6,Memory leak detected in ML-Service during stress test,Application memory usage increases steadily over time under load testing conditions.,Data-Pipeline,Production,Ubuntu 22.04,Chrome 121,High,P3,Open,File Handle Leak,440,1508,24.68,False,False,335,658,Thread pool mismanagement,2023-09-01,2023-09-23
3306c00f-6f2b-4f04-8177-26d0b2324ca8,Memory leak detected in WebApp-Core during stress test,Application memory usage increases steadily over time under load testing conditions.,WebApp-Core,Staging,Android 13,N/A,Medium,P4,Resolved,GPU Memory Leak,159,2622,47.19,False,False,296,755,Unreleased object references,2023-08-12,2023-08-20
9fe19900-d383-489e-9dbe-1451b2448c70,Memory leak detected in API-Gateway during stress test,Application memory usage increases steadily over time under load testing conditions.,MobileApp-iOS,Staging,iOS 17,Firefox 122,Medium,P4,Closed,Heap Leak,197,4887,127.83,False,False,75,836,Unclosed file streams,2023-06-09,
2c7b8ef8-993f-4370-8339-62122f314f1b,Memory leak detected in Data-Pipeline during stress test,Application memory usage increases steadily over time under load testing conditions.,Data-Pipeline,Production,Windows 10,N/A,High,P2,Open,File Handle Leak,407,1707,46.09,False,True,254,299,Circular dependency in service layer,2023-04-23,2023-05-08
2a40ebaa-2318-4d32-ba16-3a8ec6624948,Memory leak detected in Data-Pipeline during stress test,Application memory usage increases steadily over time under load testing conditions.,MobileApp-Android,Production,iOS 17,Firefox 122,Low,P3,Closed,Cache Leak,270,7137,27.14,False,True,12,562,Unbounded caching mechanism,2023-07-12,
396191ce-e110-4da3-9e42-356a70a97d4e,Memory leak detected in WebApp-Core during stress test,Application memory usage increases steadily over time under load testing conditions.,ML-Service,Production,Ubuntu 20.04,Edge 120,Medium,P1,Open,GPU Memory Leak,487,3353,61.75,False,True,436,958,Circular dependency in service layer,2023-06-22,2023-07-08
3a6242fd-e66e-4ec3-9b2f-b8bb624d0bd7,Memory leak detected in API-Gateway during stress test,Application memory usage increases steadily over time under load testing conditions.,MobileApp-iOS,Development,Windows 11,Firefox 122,Medium,P4,Resolved,Thread Leak,170,5228,69.07,True,True,193,974,Unbounded caching mechanism,2023-06-05,2023-06-11
ef29657b-c958-43a8-b667-483a0ae40a2a,Memory leak detected in API-Gateway during stress test,Application memory usage increases steadily over time under load testing conditions.,MobileApp-Android,Development,Windows 10,N/A,High,P1,In Progress,Cache Leak,149,961,56.56,True,True,61,247,Unbounded caching mechanism,2023-12-14,2024-01-13
af1b0d71-42ae-400e-a5ce-8bff6462963d,Memory leak detected in Data-Pipeline during stress test,Application memory usage increases steadily over time under load testing conditions.,Data-Pipeline,Production,Windows 10,Safari 17,Critical,P2,Closed,File Handle Leak,434,1913,113.05,True,True,60,85,Unreleased object references,2023-09-08,2023-09-28
b9057297-51fd-4b33-866b-1cb84a1591a1,Memory leak detected in ML-Service during stress test,Application memory usage increases steadily over time under load testing conditions.,ML-Service,Staging,Ubuntu 20.04,Chrome 121,Medium,P1,Closed,Cache Leak,215,4675,8.34,False,True,51,334,Unreleased object references,2023-09-08,2023-10-08
32cfa436-e255-42fe-87ad-b8938a16e49a,Memory leak detected in Data-Pipeline during stress test,Application memory usage increases steadily over time under load testing conditions.,WebApp-Core,Staging,macOS Ventura,N/A,Critical,P4,Open,GPU Memory Leak,194,4903,63.77,True,True,442,614,Circular dependency in service layer,2024-01-01,2024-01-27
bc823fed-5649-4823-8f96-34ef5c3fabe2,Memory leak detected in MobileApp-Android during stress test,Application memory usage increases steadily over time under load testing conditions.,ML-Service,Development,Android 13,Firefox 122,Low,P2,Open,Heap Leak,260,4163,22.84,True,False,187,990,Thread pool mismanagement,2023-04-03,
97a8217d-f445-4f96-8009-ec596cc403bc,Memory leak detected in ML-Service during stress test,Application memory usage increases steadily over time under load testing conditions.,MobileApp-iOS,Production,macOS Ventura,Safari 17,Medium,P1,Resolved,Thread Leak,227,500,48.59,False,True,353,102,Circular dependency in service layer,2023-03-29,2023-04-20
2ed99b1e-c7ad-4f44-9b90-7741b5f6cf8c,Memory leak detected in MobileApp-Android during stress test,Application memory usage increases steadily over time under load testing conditions.,MobileApp-Android,Production,macOS Ventura,Firefox 122,High,P2,In Progress,Thread Leak,253,1660,129.13,False,True,282,262,Unclosed file streams,2023-01-23,2023-01-30
20542216-5e81-4150-8a38-fb5fbb5bec02,Memory leak detected in MobileApp-iOS during stress test,Application memory usage increases steadily over time under load testing conditions.,Data-Pipeline,Staging,Android 13,Firefox 122,Medium,P4,Resolved,GPU Memory Leak,333,3777,17.07,False,True,215,842,Improper event listener cleanup,2023-07-15,2023-07-21
cd51eb62-7362-4cb5-a1fd-b3ef3b88174e,Memory leak detected in MobileApp-Android during stress test,Application memory usage increases steadily over time under load testing conditions.,WebApp-Core,Staging,Windows 10,N/A,Low,P1,Open,File Handle Leak,113,3604,144.78,True,False,466,342,Unclosed file streams,2023-06-11,2023-06-25
2c74c37e-1eaa-4d92-a462-02e9ab06b036,Memory leak detected in MobileApp-Android during stress test,Application memory usage increases steadily over time under load testing conditions.,API-Gateway,Development,iOS 17,Chrome 121,Medium,P2,Closed,Heap Leak,105,2741,19.2,False,False,283,278,Thread pool mismanagement,2023-03-16,2023-03-24
908c201a-bad1-468d-b01c-0ff0dfe4cf05,Memory leak detected in MobileApp-iOS during stress test,Application memory usage increases steadily over time under load testing conditions.,Data-Pipeline,Production,iOS 17,N/A,Critical,P1,In Progress,File Handle Leak,484,3105,61.49,True,True,337,130,Improper event listener cleanup,2023-02-20,2023-02-26
35af3e56-d832-4459-8075-92524d811dbf,Memory leak detected in MobileApp-iOS during stress test,Application memory usage increases steadily over time under load testing conditions.,Data-Pipeline,Development,Android 13,N/A,Critical,P1,In Progress,Cache Leak,471,933,97.68,False,False,258,294,Unclosed file streams,2023-07-13,2023-07-22
fc064b32-cafa-402b-a31e-6d09350d2eff,Memory leak detected in WebApp-Core during stress test,Application memory usage increases steadily over time under load testing conditions.,MobileApp-iOS,Staging,iOS 17,Edge 120,Low,P4,Open,GPU Memory Leak,217,7720,49.25,True,True,295,59,Unreleased object references,2023-08-08,2023-08-31
f770e8f6-a4ce-4c7f-a2a9-509a43d1963e,Memory leak detected in API-Gateway during stress test,Application memory usage increases steadily over time under load testing conditions.,Data-Pipeline,Production,Android 13,Firefox 122,Critical,P1,Open,Cache Leak,105,7121,144.51,True,True,467,852,Circular dependency in service layer,2023-05-27,2023-06-12
1ee961bf-24ee-471d-986a-83b9b2014ede,Memory leak detected in Data-Pipeline during stress test,Application memory usage increases steadily over time under load testing conditions.,Data-Pipeline,Production,Android 13,N/A,Low,P1,In Progress,Thread Leak,483,4877,55.03,True,True,39,376,Improper event listener cleanup,2023-01-04,2023-01-27
baf6e220-3ef1-44cc-836e-7bb2d3bb4788,Memory leak detected in MobileApp-iOS during stress test,Application memory usage increases steadily over time under load testing conditions.,WebApp-Core,Staging,Android 13,Firefox 122,Low,P2,Resolved,Cache Leak,353,3962,59.97,False,False,110,3,Circular dependency in service layer,2023-09-21,2023-09-23
eb95bba2-c9bf-4a4c-ba0a-4ead1147376b,Memory leak detected in WebApp-Core during stress test,Application memory usage increases steadily over time under load testing conditions.,API-Gateway,Production,iOS 17,Safari 17,Low,P2,Open,Thread Leak,429,2997,79.75,False,False,153,363,Unreleased object references,2023-11-20,2023-11-27
0900df3f-bf17-477e-b197-1a41c517a7dd,Memory leak detected in WebApp-Core during stress test,Application memory usage increases steadily over time under load testing conditions.,API-Gateway,Staging,Windows 11,Chrome 121,Medium,P1,Open,Cache Leak,305,2025,56.41,True,True,394,673,Unclosed file streams,2023-01-03,2023-01-27
44dca6c5-c087-4480-8362-ba2f01e36fdc,Memory leak detected in MobileApp-Android during stress test,Application memory usage increases steadily over time under load testing conditions.,ML-Service,Staging,Windows 10,Safari 17,Critical,P3,In Progress,File Handle Leak,286,2951,67.11,False,True,184,905,Circular dependency in service layer,2023-04-26,2023-05-08
9d7bdfae-1151-45e0-8667-52d1e94fbf63,Memory leak detected in API-Gateway during stress test,Application memory usage increases steadily over time under load testing conditions.,Data-Pipeline,Staging,Windows 10,Firefox 122,Medium,P1,Resolved,Heap Leak,120,2833,24.38,False,False,282,508,Circular dependency in service layer,2023-04-12,
ed63c20b-a871-43c6-ab43-6b0eb5675d35,Memory leak detected in API-Gateway during stress test,Application memory usage increases steadily over time under load testing conditions.,ML-Service,Production,Android 13,Safari 17,Medium,P4,Open,Heap Leak,491,6652,118.15,True,True,177,513,Unreleased object references,2024-01-01,
a350f728-1e74-44f8-8b74-150947240af9,Memory leak detected in ML-Service during stress test,Application memory usage increases steadily over time under load testing conditions.,Data-Pipeline,Development,Ubuntu 22.04,Safari 17,High,P2,Closed,Heap Leak,275,7298,67.3,False,True,317,157,Circular dependency in service layer,2023-12-17,2024-01-08
6964860a-a85e-4647-846a-a3a0fb6decbf,Memory leak detected in MobileApp-iOS during stress test,Application memory usage increases steadily over time under load testing conditions.,Data-Pipeline,Development,Android 13,Safari 17,Medium,P1,Open,Thread Leak,492,2803,21.68,True,True,438,606,Circular dependency in service layer,2023-09-19,
bbe2a4da-6f05-4c17-9275-e774ffa2090d,Memory leak detected in MobileApp-iOS during stress test,Application memory usage increases steadily over time under load testing conditions.,MobileApp-Android,Development,Ubuntu 22.04,Chrome 121,Medium,P4,Open,Cache Leak,167,1486,63.19,False,False,359,649,Improper event listener cleanup,2023-11-21,
35fe07a5-7bed-4cbc-96c3-300b0479f079,Memory leak detected in WebApp-Core during stress test,Application memory usage increases steadily over time under load testing conditions.,MobileApp-iOS,Development,Ubuntu 20.04,Edge 120,High,P2,Closed,GPU Memory Leak,361,1002,66.93,False,True,94,42,Unreleased object references,2023-04-24,2023-05-10
85d7bb20-31bc-423c-9ea3-ba71e0adcd7e,Memory leak detected in ML-Service during stress test,Application memory usage increases steadily over time under load testing conditions.,WebApp-Core,Staging,Windows 11,Edge 120,Critical,P2,Resolved,File Handle Leak,246,2236,73.45,True,True,343,14,Circular dependency in service layer,2023-01-27,2023-02-07
9ed94ad3-ecac-4a5c-afc7-557ac727542d,Memory leak detected in MobileApp-iOS during stress test,Application memory usage increases steadily over time under load testing conditions.,Data-Pipeline,Production,macOS Ventura,N/A,High,P3,Resolved,GPU Memory Leak,284,3213,112.49,False,True,455,109,Improper event listener cleanup,2023-10-10,2023-10-15
720c0cce-e375-438f-bfc7-09e551f55f76,Memory leak detected in Data-Pipeline during stress test,Application memory usage increases steadily over time under load testing conditions.,MobileApp-Android,Development,Android 13,Safari 17,Low,P4,Resolved,File Handle Leak,400,836,145.41,False,True,274,739,Improper event listener cleanup,2023-11-19,2023-11-23
8fbddc1d-565e-4c7a-aa7a-6dd3b1e2d49a,Memory leak detected in ML-Service during stress test,Application memory usage increases steadily over time under load testing conditions.,MobileApp-iOS,Staging,Ubuntu 22.04,Chrome 121,Critical,P4,Closed,Cache Leak,381,3925,108.18,True,True,307,281,Circular dependency in service layer,2023-01-23,
1ac7a25c-33e0-4e3d-8b5b-f93ad855dde6,Memory leak detected in API-Gateway during stress test,Application memory usage increases steadily over time under load testing conditions.,API-Gateway,Production,macOS Ventura,N/A,Low,P3,Closed,Thread Leak,455,998,32.58,False,False,206,622,Unclosed file streams,2023-03-08,2023-03-27
6d022d01-6b01-49cf-9ec1-0947d7916678,Memory leak detected in Data-Pipeline during stress test,Application memory usage increases steadily over time under load testing conditions.,WebApp-Core,Production,Ubuntu 22.04,N/A,High,P2,In Progress,File Handle Leak,392,1810,36.58,False,True,88,230,Unreleased object references,2023-04-16,
2517c7b9-6f9e-435c-b602-b557715b0e74,Memory leak detected in MobileApp-iOS during stress test,Application memory usage increases steadily over time under load testing conditions.,MobileApp-Android,Staging,iOS 17,Chrome 121,Medium,P3,Open,Heap Leak,175,5739,141.6,False,False,167,86,Circular dependency in service layer,2023-10-01,2023-10-03
971a6396-6271-4e2a-8a12-66da3c12fe70,Memory leak detected in WebApp-Core during stress test,Application memory usage increases steadily over time under load testing conditions.,Data-Pipeline,Development,iOS 17,Edge 120,Medium,P2,In Progress,File Handle Leak,413,3845,47.76,True,True,370,764,Circular dependency in service layer,2023-10-09,2023-10-14
47914859-6ec3-45dd-9684-6b3f0df0511b,Memory leak detected in ML-Service during stress test,Application memory usage increases steadily over time under load testing conditions.,MobileApp-Android,Staging,Windows 11,Edge 120,High,P3,Closed,GPU Memory Leak,420,7627,96.97,False,True,374,744,Unbounded caching mechanism,2023-07-15,2023-07-24
6af3bdc7-9bf1-46f7-b8d4-cc073362b890,Memory leak detected in API-Gateway during stress test,Application memory usage increases steadily over time under load testing conditions.,MobileApp-Android,Development,Windows 11,N/A,Critical,P3,Resolved,Heap Leak,147,4424,76.91,False,True,454,182,Unbounded caching mechanism,2023-07-08,
3f8c18bc-5d62-45c4-848a-955228cd3b90,Memory leak detected in API-Gateway during stress test,Application memory usage increases steadily over time under load testing conditions.,Data-Pipeline,Staging,Windows 10,N/A,Medium,P4,Open,Cache Leak,136,1675,66.83,False,True,57,847,Unreleased object references,2023-12-18,2023-12-21
9e4373fd-e653-4190-9091-4be3b6bd1943,Memory leak detected in MobileApp-Android during stress test,Application memory usage increases steadily over time under load testing conditions.,Data-Pipeline,Production,Windows 10,Chrome 121,Low,P2,Open,GPU Memory Leak,494,2534,17.12,True,False,389,577,Unbounded caching mechanism,2023-11-26,2023-12-01
28740acb-1aa9-42b3-888f-fe96b756d4da,Memory leak detected in Data-Pipeline during stress test,Application memory usage increases steadily over time under load testing conditions.,MobileApp-iOS,Production,macOS Ventura,Chrome 121,Low,P4,Open,Thread Leak,224,1765,13.1,False,True,262,908,Unbounded caching mechanism,2023-03-25,2023-04-10
21cb5d8b-c119-4ffd-b537-f5d5cba24456,Memory leak detected in API-Gateway during stress test,Application memory usage increases steadily over time under load testing conditions.,MobileApp-Android,Staging,Android 13,Edge 120,Medium,P1,Open,Cache Leak,112,2337,37.87,True,True,115,105,Unclosed file streams,2023-03-14,
bc666376-6f27-416a-a5ad-63802e296381,Memory leak detected in WebApp-Core during stress test,Application memory usage increases steadily over time under load testing conditions.,WebApp-Core,Production,Windows 11,Firefox 122,Critical,P2,In Progress,Cache Leak,160,3233,57.27,True,False,320,838,Unclosed file streams,2023-07-02,
51759b86-65ba-4ae7-868d-80852d979ffd,Memory leak detected in MobileApp-iOS during stress test,Application memory usage increases steadily over time under load testing conditions.,Data-Pipeline,Development,iOS 17,Chrome 121,Medium,P3,Resolved,GPU Memory Leak,438,4589,58.52,False,False,370,816,Unbounded caching mechanism,2023-06-28,2023-07-07
544eed2c-2df0-4e3a-b3ab-400e9e17eedc,Memory leak detected in WebApp-Core during stress test,Application memory usage increases steadily over time under load testing conditions.,MobileApp-iOS,Development,Windows 11,Safari 17,High,P2,Closed,Cache Leak,472,4001,45.38,False,False,309,813,Circular dependency in service layer,2023-02-04,
3ca553e8-abc0-48fb-a47e-1aad7ea39ffe,Memory leak detected in ML-Service during stress test,Application memory usage increases steadily over time under load testing conditions.,API-Gateway,Production,macOS Ventura,Safari 17,Medium,P1,Open,Thread Leak,225,5857,60.56,False,True,360,90,Improper event listener cleanup,2023-06-20,
3db60615-6357-4d65-a5a0-7af2b532e264,Memory leak detected in API-Gateway during stress test,Application memory usage increases steadily over time under load testing conditions.,MobileApp-Android,Development,Windows 10,Edge 120,High,P3,Resolved,Cache Leak,108,7468,57.55,True,False,125,216,Improper event listener cleanup,2023-07-05,
9c829239-d876-4d98-9c72-ff83022e4e17,Memory leak detected in Data-Pipeline during stress test,Application memory usage increases steadily over time under load testing conditions.,WebApp-Core,Production,Ubuntu 22.04,Edge 120,Low,P4,Open,Cache Leak,460,6199,25.75,True,True,76,375,Improper event listener cleanup,2023-01-29,2023-02-02
b508b55c-1751-450a-87fb-1dd18dadb18b,Memory leak detected in MobileApp-Android during stress test,Application memory usage increases steadily over time under load testing conditions.,API-Gateway,Production,Windows 11,N/A,High,P1,Closed,File Handle Leak,313,5162,26.71,False,True,147,114,Improper event listener cleanup,2023-02-10,2023-02-11
85094c57-ee78-4ee8-84dd-dd3447f91e5d,Memory leak detected in MobileApp-Android during stress test,Application memory usage increases steadily over time under load testing conditions.,WebApp-Core,Staging,iOS 17,Safari 17,Critical,P2,Resolved,GPU Memory Leak,484,5449,30.17,False,True,140,997,Unreleased object references,2023-01-31,2023-02-02
ac7570df-c3b7-4f74-b51e-53142c4d38e6,Memory leak detected in WebApp-Core during stress test,Application memory usage increases steadily over time under load testing conditions.,MobileApp-Android,Staging,Windows 11,N/A,Low,P1,Closed,File Handle Leak,208,6587,63.06,False,False,85,56,Unclosed file streams,2023-09-25,2023-09-30
20985c86-e3a2-473e-a384-79f817bed92f,Memory leak detected in ML-Service during stress test,Application memory usage increases steadily over time under load testing conditions.,MobileApp-iOS,Development,Windows 11,Edge 120,Medium,P4,Open,GPU Memory Leak,153,1388,16.28,True,False,97,565,Improper event listener cleanup,2023-11-28,2023-12-07
89eca11d-7042-4c5c-a035-2416ff8a99ef,Memory leak detected in ML-Service during stress test,Application memory usage increases steadily over time under load testing conditions.,WebApp-Core,Production,iOS 17,Safari 17,Low,P4,Resolved,Heap Leak,143,2705,146.62,False,True,183,770,Unclosed file streams,2023-11-23,2023-12-01
a2288c29-cdcb-4340-8d71-db383a3332cb,Memory leak detected in MobileApp-Android during stress test,Application memory usage increases steadily over time under load testing conditions.,Data-Pipeline,Production,Windows 10,Edge 120,Critical,P4,In Progress,Heap Leak,300,6659,110.22,False,False,301,890,Unreleased object references,2023-07-23,2023-08-03
92166f36-ea60-4840-b8c1-9209d9078a6a,Memory leak detected in Data-Pipeline during stress test,Application memory usage increases steadily over time under load testing conditions.,WebApp-Core,Production,Windows 11,Firefox 122,Medium,P3,Resolved,Cache Leak,337,6090,16.42,True,False,149,369,Thread pool mismanagement,2023-05-29,
aa8396f0-a3c7-458c-a57c-740342afbab0,Memory leak detected in MobileApp-Android during stress test,Application memory usage increases steadily over time under load testing conditions.,MobileApp-Android,Production,macOS Ventura,Chrome 121,Medium,P1,Open,Heap Leak,496,6338,104.02,True,False,281,889,Unreleased object references,2023-08-09,
6d426f7c-ed32-4c85-a14a-9523ccc925cd,Memory leak detected in MobileApp-Android during stress test,Application memory usage increases steadily over time under load testing conditions.,WebApp-Core,Staging,macOS Ventura,Edge 120,High,P4,Open,GPU Memory Leak,186,3069,140.44,False,False,243,263,Unbounded caching mechanism,2023-09-13,
21bf689f-67f9-4118-bcca-93ae0ed9ae35,Memory leak detected in MobileApp-iOS during stress test,Application memory usage increases steadily over time under load testing conditions.,API-Gateway,Staging,iOS 17,N/A,Medium,P1,Resolved,Thread Leak,349,5159,10.74,False,False,43,699,Unbounded caching mechanism,2023-11-29,2023-12-03
dfb7b395-0e3c-42f1-b029-0e81d6ac2eff,Memory leak detected in Data-Pipeline during stress test,Application memory usage increases steadily over time under load testing conditions.,WebApp-Core,Production,iOS 17,Firefox 122,Low,P3,Open,File Handle Leak,449,7672,11.19,False,True,292,409,Unreleased object references,2023-09-17,2023-10-16
2205c999-99ac-486f-8e0e-1f926220e8db,Memory leak detected in API-Gateway during stress test,Application memory usage increases steadily over time under load testing conditions.,Data-Pipeline,Production,iOS 17,Safari 17,Low,P4,In Progress,Heap Leak,147,5981,55.6,False,False,103,412,Unclosed file streams,2023-04-25,2023-05-10
1a49dd92-037c-49d0-8043-599fd1b0a504,Memory leak detected in API-Gateway during stress test,Application memory usage increases steadily over time under load testing conditions.,WebApp-Core,Staging,Ubuntu 22.04,Chrome 121,Medium,P1,In Progress,GPU Memory Leak,208,4483,106.83,False,True,308,793,Unbounded caching mechanism,2023-02-03,2023-02-23
c3eeb214-9fc3-4321-9abf-8da18fd94393,Memory leak detected in MobileApp-Android during stress test,Application memory usage increases steadily over time under load testing conditions.,WebApp-Core,Development,iOS 17,Chrome 121,Critical,P2,Resolved,GPU Memory Leak,320,6968,146.89,True,True,36,281,Unbounded caching mechanism,2023-02-01,2023-02-13
f296e378-dab2-489d-bdec-200487702b2d,Memory leak detected in Data-Pipeline during stress test,Application memory usage increases steadily over time under load testing conditions.,MobileApp-iOS,Development,iOS 17,Chrome 121,Low,P1,Resolved,File Handle Leak,314,4198,81.09,True,True,179,965,Unbounded caching mechanism,2023-02-11,2023-03-06
473b9cce-bb9f-4c90-b372-f09b00688d6c,Memory leak detected in API-Gateway during stress test,Application memory usage increases steadily over time under load testing conditions.,MobileApp-iOS,Production,macOS Ventura,Safari 17,Low,P3,Open,Thread Leak,182,6921,145.01,True,False,341,844,Circular dependency in service layer,2023-09-04,2023-09-27
3d242c6b-3a60-4118-9460-886014f8a096,Memory leak detected in API-Gateway during stress test,Application memory usage increases steadily over time under load testing conditions.,MobileApp-iOS,Development,iOS 17,Safari 17,High,P4,Closed,GPU Memory Leak,334,7844,140.4,False,True,19,224,Circular dependency in service layer,2023-06-12,
0641d0d9-b825-40a8-bd54-6028bd59d1fd,Memory leak detected in MobileApp-Android during stress test,Application memory usage increases steadily over time under load testing conditions.,MobileApp-iOS,Development,Windows 11,N/A,Low,P2,Resolved,Heap Leak,185,6843,92.14,False,False,258,839,Unreleased object references,2023-04-07,2023-04-25
0a188a7b-d8b6-4080-8bd6-c13e5c33a884,Memory leak detected in ML-Service during stress test,Application memory usage increases steadily over time under load testing conditions.,API-Gateway,Production,iOS 17,Edge 120,Low,P3,Closed,Cache Leak,310,3891,56.0,False,True,284,610,Improper event listener cleanup,2023-12-25,2024-01-09
53385943-3861-480e-a8f2-a25de2706597,Memory leak detected in API-Gateway during stress test,Application memory usage increases steadily over time under load testing conditions.,Data-Pipeline,Staging,Android 13,N/A,Low,P4,Open,Heap Leak,437,7422,104.84,True,False,54,509,Circular dependency in service layer,2023-10-05,2023-10-15
fa19dd71-8616-44b0-a91d-579d3bde105c,Memory leak detected in WebApp-Core during stress test,Application memory usage increases steadily over time under load testing conditions.,Data-Pipeline,Staging,iOS 17,Safari 17,Medium,P3,Closed,Thread Leak,327,5689,77.99,False,True,101,877,Unbounded caching mechanism,2023-11-16,2023-11-20
bbc6ffb7-96cc-4688-ae77-fa97b726d9ea,Memory leak detected in Data-Pipeline during stress test,Application memory usage increases steadily over time under load testing conditions.,Data-Pipeline,Production,Ubuntu 22.04,Chrome 121,High,P3,Resolved,File Handle Leak,337,7987,64.88,False,False,430,925,Unbounded caching mechanism,2023-03-05,2023-03-31
a7c147aa-7cc3-4a00-bae8-0230d928c1bf,Memory leak detected in WebApp-Core during stress test,Application memory usage increases steadily over time under load testing conditions.,MobileApp-Android,Staging,iOS 17,N/A,High,P2,In Progress,Thread Leak,312,7947,9.74,False,True,285,997,Unbounded caching mechanism,2023-12-11,2024-01-09
a0951b0a-7a1f-414c-8d68-7cd463395531,Memory leak detected in ML-Service during stress test,Application memory usage increases steadily over time under load testing conditions.,API-Gateway,Development,Android 13,Safari 17,Medium,P1,Resolved,Thread Leak,126,7287,121.19,True,False,119,102,Circular dependency in service layer,2023-04-09,2023-04-22
952c5f58-2c2d-4aef-aade-40b7acee703a,Memory leak detected in Data-Pipeline during stress test,Application memory usage increases steadily over time under load testing conditions.,MobileApp-iOS,Production,Windows 11,Edge 120,Medium,P4,Open,Heap Leak,300,5226,127.24,False,True,322,789,Thread pool mismanagement,2023-03-06,2023-03-27
e112a4fe-7501-4aea-b339-bce2eef00038,Memory leak detected in WebApp-Core during stress test,Application memory usage increases steadily over time under load testing conditions.,ML-Service,Staging,Windows 10,Firefox 122,Critical,P2,In Progress,GPU Memory Leak,378,6296,138.49,True,False,100,549,Improper event listener cleanup,2023-03-20,
ff2c8cb2-663d-4661-8db0-75b24e288455,Memory leak detected in MobileApp-Android during stress test,Application memory usage increases steadily over time under load testing conditions.,Data-Pipeline,Development,Android 13,N/A,Low,P4,Closed,Thread Leak,240,923,17.03,True,True,73,290,Unclosed file streams,2023-07-13,2023-08-04
8b72338f-d661-41bf-bd08-aa96851aa590,Memory leak detected in MobileApp-Android during stress test,Application memory usage increases steadily over time under load testing conditions.,API-Gateway,Development,Ubuntu 22.04,Chrome 121,Critical,P4,Closed,Heap Leak,285,4548,137.34,True,False,193,912,Unclosed file streams,2023-04-03,
952c034b-d191-4905-b011-5351717dbec1,Memory leak detected in MobileApp-Android during stress test,Application memory usage increases steadily over time under load testing conditions.,Data-Pipeline,Production,Android 13,N/A,Low,P4,Resolved,File Handle Leak,192,1819,48.32,False,True,82,535,Circular dependency in service layer,2023-11-21,2023-12-17
8fa6e6ba-193e-4854-b40f-45688a105482,Memory leak detected in ML-Service during stress test,Application memory usage increases steadily over time under load testing conditions.,ML-Service,Development,Windows 11,Edge 120,Low,P3,Open,File Handle Leak,115,5465,82.71,True,True,43,746,Circular dependency in service layer,2023-05-11,2023-05-18
01f1fcb3-8a90-46ea-a2bb-148adef5adfe,Memory leak detected in ML-Service during stress test,Application memory usage increases steadily over time under load testing conditions.,Data-Pipeline,Staging,Ubuntu 22.04,Safari 17,Critical,P1,In Progress,File Handle Leak,147,2132,55.54,True,True,352,867,Circular dependency in service layer,2023-03-06,2023-03-22
ad694482-b08e-482d-a3e2-b12944290239,Memory leak detected in MobileApp-Android during stress test,Application memory usage increases steadily over time under load testing conditions.,MobileApp-Android,Production,Ubuntu 22.04,Safari 17,Critical,P1,Resolved,File Handle Leak,492,5281,90.2,True,False,220,205,Thread pool mismanagement,2023-05-24,2023-05-28
75ba39f3-24e8-4fb5-9450-846948be18ab,Memory leak detected in WebApp-Core during stress test,Application memory usage increases steadily over time under load testing conditions.,ML-Service,Staging,macOS Ventura,Safari 17,High,P2,Closed,Heap Leak,132,7212,70.16,True,True,415,331,Unbounded caching mechanism,2023-06-30,2023-07-21
fdfa89c7-e27d-4bf4-8272-67583f130229,Memory leak detected in MobileApp-Android during stress test,Application memory usage increases steadily over time under load testing conditions.,MobileApp-iOS,Development,Windows 10,Edge 120,Low,P2,In Progress,Cache Leak,436,2262,58.89,False,True,288,68,Unbounded caching mechanism,2023-04-06,2023-04-09
3d1109a0-a988-4fbe-a92e-8c47743cb249,Memory leak detected in Data-Pipeline during stress test,Application memory usage increases steadily over time under load testing conditions.,ML-Service,Production,Windows 10,N/A,Critical,P1,Resolved,File Handle Leak,152,2281,86.34,True,True,26,822,Unbounded caching mechanism,2023-05-26,2023-06-12
40134c41-b5d0-4e0b-a8a1-77c4fc5290b1,Memory leak detected in API-Gateway during stress test,Application memory usage increases steadily over time under load testing conditions.,MobileApp-Android,Production,Ubuntu 20.04,N/A,Critical,P3,Open,File Handle Leak,315,2748,22.29,True,True,467,473,Unclosed file streams,2023-09-13,
b70d131d-f888-4871-90aa-c289c42e91c7,Memory leak detected in WebApp-Core during stress test,Application memory usage increases steadily over time under load testing conditions.,MobileApp-iOS,Production,Windows 10,Chrome 121,Critical,P4,Closed,File Handle Leak,373,803,138.12,False,False,386,355,Unbounded caching mechanism,2023-03-09,2023-03-22
9b4eddfa-9f51-4997-883d-52affa6e7c11,Memory leak detected in MobileApp-iOS during stress test,Application memory usage increases steadily over time under load testing conditions.,Data-Pipeline,Staging,Ubuntu 22.04,Chrome 121,High,P4,Open,GPU Memory Leak,413,4545,11.83,True,True,72,108,Unclosed file streams,2023-02-10,2023-02-21
b8863533-2f72-474e-9678-86f5234b1fab,Memory leak detected in MobileApp-iOS during stress test,Application memory usage increases steadily over time under load testing conditions.,ML-Service,Development,Android 13,Chrome 121,High,P4,Open,Heap Leak,145,1894,32.72,False,True,136,338,Circular dependency in service layer,2023-12-19,2023-12-27
166c1d5d-e2e9-4ca4-a649-405a3d67216b,Memory leak detected in MobileApp-Android during stress test,Application memory usage increases steadily over time under load testing conditions.,ML-Service,Staging,Windows 10,Firefox 122,High,P3,Closed,Cache Leak,457,2711,29.7,True,True,296,490,Circular dependency in service layer,2023-11-10,2023-11-23
b56a33e5-076c-496d-b59c-766b15d786a0,Memory leak detected in WebApp-Core during stress test,Application memory usage increases steadily over time under load testing conditions.,MobileApp-iOS,Staging,Android 13,Chrome 121,High,P3,In Progress,Heap Leak,474,6829,74.99,True,False,31,218,Unreleased object references,2023-09-08,2023-09-19
b85fe478-bf13-45d2-bf1f-0d93a05d6eff,Memory leak detected in MobileApp-iOS during stress test,Application memory usage increases steadily over time under load testing conditions.,MobileApp-Android,Production,iOS 17,N/A,High,P2,Closed,GPU Memory Leak,196,3654,75.71,True,True,113,939,Unclosed file streams,2023-12-10,2024-01-06
eaa00dea-989a-47e6-a0ed-f4308b34988d,Memory leak detected in API-Gateway during stress test,Application memory usage increases steadily over time under load testing conditions.,MobileApp-Android,Development,Ubuntu 20.04,Safari 17,Medium,P2,Open,GPU Memory Leak,362,5582,34.44,False,True,382,113,Improper event listener cleanup,2023-07-17,2023-08-14
0987983c-adec-4ee8-8657-2006ae3314b6,Memory leak detected in ML-Service during stress test,Application memory usage increases steadily over time under load testing conditions.,API-Gateway,Staging,Ubuntu 20.04,Chrome 121,Low,P2,Closed,GPU Memory Leak,114,2685,74.05,True,False,258,442,Thread pool mismanagement,2023-01-09,2023-01-15
60dc3d53-78e7-47d6-a0f6-10953a311f5c,Memory leak detected in Data-Pipeline during stress test,Application memory usage increases steadily over time under load testing conditions.,API-Gateway,Production,Ubuntu 22.04,Firefox 122,High,P3,Closed,GPU Memory Leak,289,2733,19.18,False,False,266,444,Unreleased object references,2023-06-20,
2cf4a5ac-76ee-4a81-af51-a4da3e1740b3,Memory leak detected in WebApp-Core during stress test,Application memory usage increases steadily over time under load testing conditions.,WebApp-Core,Production,Ubuntu 20.04,Firefox 122,Low,P4,Resolved,GPU Memory Leak,156,2539,36.84,False,False,202,104,Improper event listener cleanup,2023-12-15,
60e4a719-d6da-4be7-a585-0c1b994e9587,Memory leak detected in MobileApp-iOS during stress test,Application memory usage increases steadily over time under load testing conditions.,Data-Pipeline,Production,Ubuntu 20.04,Chrome 121,Low,P3,Closed,File Handle Leak,204,1901,55.41,True,True,162,698,Unreleased object references,2023-12-21,2023-12-28
13c8c44d-2c25-4eaa-9263-bea2c8db44d0,Memory leak detected in WebApp-Core during stress test,Application memory usage increases steadily over time under load testing conditions.,Data-Pipeline,Staging,Ubuntu 22.04,Edge 120,Low,P3,Resolved,Heap Leak,333,7871,25.57,True,True,305,361,Unbounded caching mechanism,2023-03-27,
5af254ec-0e5f-42ce-9c0a-b7241c3389fc,Memory leak detected in WebApp-Core during stress test,Application memory usage increases steadily over time under load testing conditions.,WebApp-Core,Production,Android 13,Edge 120,Medium,P3,In Progress,Heap Leak,226,7653,73.52,True,False,412,754,Unclosed file streams,2023-10-26,
67ed77c2-a53d-41e7-b7b4-5a35d7ec11b2,Memory leak detected in MobileApp-iOS during stress test,Application memory usage increases steadily over time under load testing conditions.,MobileApp-iOS,Staging,Windows 10,Edge 120,High,P2,Closed,Heap Leak,231,4970,101.19,False,True,76,421,Improper event listener cleanup,2023-08-20,2023-09-01
7a72eaf6-1ff2-4b11-b8a8-6d24d36073b0,Memory leak detected in Data-Pipeline during stress test,Application memory usage increases steadily over time under load testing conditions.,Data-Pipeline,Staging,Ubuntu 20.04,Firefox 122,Low,P3,Closed,Heap Leak,115,4578,40.43,False,False,491,898,Thread pool mismanagement,2023-12-04,2023-12-16
faf4adff-0306-4d30-ba78-066651ae7e6b,Memory leak detected in API-Gateway during stress test,Application memory usage increases steadily over time under load testing conditions.,MobileApp-iOS,Staging,Windows 11,Chrome 121,High,P4,Closed,Cache Leak,269,3357,61.7,False,False,57,993,Unreleased object references,2023-03-31,2023-04-22
1fe080c8-6e68-4f8d-ae13-9339130bac32,Memory leak detected in MobileApp-iOS during stress test,Application memory usage increases steadily over time under load testing conditions.,ML-Service,Production,Android 13,Firefox 122,High,P1,Resolved,Heap Leak,448,4320,26.78,False,True,233,42,Improper event listener cleanup,2023-09-13,2023-09-18
e28553b7-52f9-4751-9add-cbf05e2ab5a0,Memory leak detected in API-Gateway during stress test,Application memory usage increases steadily over time under load testing conditions.,MobileApp-iOS,Production,iOS 17,Chrome 121,Low,P2,In Progress,File Handle Leak,350,935,49.34,False,True,489,89,Circular dependency in service layer,2023-05-25,2023-05-29
303d512c-05c3-4198-a892-ca683ce53788,Memory leak detected in WebApp-Core during stress test,Application memory usage increases steadily over time under load testing conditions.,MobileApp-iOS,Development,Windows 10,Safari 17,High,P3,Closed,Cache Leak,200,6505,67.65,False,True,458,268,Unclosed file streams,2023-05-19,
c91eaaee-7ded-41fb-8513-3a3a82b9534c,Memory leak detected in ML-Service during stress test,Application memory usage increases steadily over time under load testing conditions.,MobileApp-Android,Production,iOS 17,Firefox 122,High,P3,Closed,Thread Leak,447,4070,132.01,True,False,157,88,Unclosed file streams,2023-11-02,2023-11-21
41f59ba9-c93c-4d5f-94db-64a92c8fc6cf,Memory leak detected in API-Gateway during stress test,Application memory usage increases steadily over time under load testing conditions.,WebApp-Core,Development,macOS Ventura,Safari 17,High,P2,Closed,File Handle Leak,193,4971,59.52,False,False,216,985,Unbounded caching mechanism,2023-10-18,2023-11-02
354df895-399f-4d4d-adc0-b9a1f4ad638a,Memory leak detected in API-Gateway during stress test,Application memory usage increases steadily over time under load testing conditions.,WebApp-Core,Development,macOS Ventura,Edge 120,Medium,P2,In Progress,Thread Leak,113,5078,143.84,False,True,387,866,Unbounded caching mechanism,2023-08-25,
e02d2644-8f41-4c29-a104-93c277af6be5,Memory leak detected in API-Gateway during stress test,Application memory usage increases steadily over time under load testing conditions.,WebApp-Core,Development,Windows 10,Edge 120,Low,P2,Open,File Handle Leak,490,4291,131.86,False,False,443,63,Unreleased object references,2023-03-06,2023-03-07
85a2df45-a340-443a-905d-621a5131d382,Memory leak detected in ML-Service during stress test,Application memory usage increases steadily over time under load testing conditions.,MobileApp-Android,Production,Android 13,Safari 17,Medium,P3,In Progress,File Handle Leak,127,6373,106.73,False,True,413,497,Thread pool mismanagement,2023-10-27,2023-11-20
17582dfa-e20a-41be-9fcf-f8b9b4322742,Memory leak detected in WebApp-Core during stress test,Application memory usage increases steadily over time under load testing conditions.,ML-Service,Development,Windows 11,Firefox 122,Low,P1,Open,Thread Leak,178,500,92.55,False,False,29,949,Unreleased object references,2023-12-19,2023-12-22
d72f54e1-f4e7-4937-9a68-afb8468bd845,Memory leak detected in ML-Service during stress test,Application memory usage increases steadily over time under load testing conditions.,MobileApp-iOS,Production,Android 13,Safari 17,Low,P1,In Progress,Heap Leak,220,7219,127.05,True,True,420,763,Circular dependency in service layer,2023-06-03,2023-06-09
7e6f6434-acd0-4268-b089-b0a9cafbfabf,Memory leak detected in API-Gateway during stress test,Application memory usage increases steadily over time under load testing conditions.,API-Gateway,Staging,Ubuntu 20.04,Chrome 121,Critical,P2,Resolved,Cache Leak,458,6575,84.27,False,True,238,427,Unbounded caching mechanism,2023-05-04,
2050177e-85d0-4411-9df7-52e5e47f3ca1,Memory leak detected in WebApp-Core during stress test,Application memory usage increases steadily over time under load testing conditions.,ML-Service,Staging,Windows 10,N/A,Critical,P4,Resolved,GPU Memory Leak,161,4244,86.81,False,False,142,10,Improper event listener cleanup,2023-03-17,
809bc30f-58a3-4dae-a50b-43813e8596ed,Memory leak detected in Data-Pipeline during stress test,Application memory usage increases steadily over time under load testing conditions.,ML-Service,Staging,macOS Ventura,Chrome 121,Medium,P3,Resolved,Thread Leak,207,4622,55.58,False,False,367,880,Improper event listener cleanup,2023-07-03,2023-07-31
a2e8b244-a36f-4740-8f50-eb338aa8d055,Memory leak detected in Data-Pipeline during stress test,Application memory usage increases steadily over time under load testing conditions.,API-Gateway,Staging,Ubuntu 22.04,N/A,Medium,P2,In Progress,File Handle Leak,301,2981,14.89,False,False,35,47,Unreleased object references,2023-05-23,2023-06-14
a49c0099-2094-4994-9c34-4145cdf0f49e,Memory leak detected in API-Gateway during stress test,Application memory usage increases steadily over time under load testing conditions.,MobileApp-iOS,Development,iOS 17,Firefox 122,Low,P3,Closed,Cache Leak,355,1370,140.46,True,True,314,257,Unreleased object references,2023-03-23,2023-04-14
380af70f-629c-4332-b1b1-0813d98087f6,Memory leak detected in Data-Pipeline during stress test,Application memory usage increases steadily over time under load testing conditions.,WebApp-Core,Development,Ubuntu 20.04,Chrome 121,Critical,P1,In Progress,Thread Leak,490,4117,59.28,True,True,130,503,Unbounded caching mechanism,2023-01-20,2023-01-23
8cb1e2dd-f27c-4c04-aaaa-57338f2f7fb1,Memory leak detected in ML-Service during stress test,Application memory usage increases steadily over time under load testing conditions.,MobileApp-Android,Development,macOS Ventura,Chrome 121,Low,P3,Open,GPU Memory Leak,182,6579,67.94,True,False,397,418,Thread pool mismanagement,2023-12-14,2023-12-21
d4ecf998-a8ab-4ada-8b9b-584346cab63d,Memory leak detected in Data-Pipeline during stress test,Application memory usage increases steadily over time under load testing conditions.,Data-Pipeline,Production,Ubuntu 22.04,Firefox 122,Medium,P1,Resolved,File Handle Leak,449,2018,110.85,True,True,225,438,Circular dependency in service layer,2023-10-07,2023-10-18
bfe4880d-03c5-467d-89c3-45aef88e3b17,Memory leak detected in MobileApp-iOS during stress test,Application memory usage increases steadily over time under load testing conditions.,WebApp-Core,Development,Ubuntu 22.04,Firefox 122,Low,P2,Open,GPU Memory Leak,165,1140,118.45,False,False,200,721,Unclosed file streams,2023-07-12,2023-07-31
5bb0f445-a0c7-4b04-8ed1-3664715bf149,Memory leak detected in MobileApp-Android during stress test,Application memory usage increases steadily over time under load testing conditions.,ML-Service,Production,macOS Ventura,Edge 120,Critical,P4,Open,Thread Leak,138,2859,82.49,False,False,335,31,Unreleased object references,2023-02-04,2023-02-10
ccabc07e-b34f-4b33-9028-5e4297108d68,Memory leak detected in MobileApp-Android during stress test,Application memory usage increases steadily over time under load testing conditions.,ML-Service,Production,Ubuntu 20.04,Chrome 121,Medium,P1,Open,Thread Leak,491,3240,13.61,True,False,37,973,Unbounded caching mechanism,2023-06-23,2023-06-30
2e8a8014-26eb-4fbe-ba32-fd458d948021,Memory leak detected in MobileApp-Android during stress test,Application memory usage increases steadily over time under load testing conditions.,MobileApp-iOS,Production,Windows 10,Chrome 121,Low,P1,In Progress,File Handle Leak,382,1160,74.42,False,False,156,801,Improper event listener cleanup,2023-11-03,2023-12-03
48f9b239-712d-44e0-99f8-e1d4d98bf45f,Memory leak detected in ML-Service during stress test,Application memory usage increases steadily over time under load testing conditions.,ML-Service,Staging,Android 13,Chrome 121,Critical,P4,Closed,Cache Leak,500,6837,122.65,True,False,360,438,Thread pool mismanagement,2023-01-11,2023-01-12
93aa054d-7866-4a84-ac3e-af2b70c52b0d,Memory leak detected in MobileApp-iOS during stress test,Application memory usage increases steadily over time under load testing conditions.,MobileApp-iOS,Development,Ubuntu 20.04,Safari 17,Low,P3,In Progress,Heap Leak,415,1466,147.47,True,True,212,766,Thread pool mismanagement,2023-03-12,
5609a047-ad7e-4159-a0fc-838f2af3b418,Memory leak detected in MobileApp-Android during stress test,Application memory usage increases steadily over time under load testing conditions.,WebApp-Core,Development,Windows 10,Firefox 122,Critical,P3,Resolved,Heap Leak,107,7068,131.62,False,False,309,671,Improper event listener cleanup,2023-10-18,
6637878e-46f4-4c24-bce5-357ff22fbf76,Memory leak detected in Data-Pipeline during stress test,Application memory usage increases steadily over time under load testing conditions.,WebApp-Core,Development,Ubuntu 20.04,N/A,Medium,P1,Resolved,GPU Memory Leak,345,3758,100.35,False,False,483,376,Thread pool mismanagement,2023-05-30,
9455ffce-b127-4f48-b4f6-b44aa887a65a,Memory leak detected in ML-Service during stress test,Application memory usage increases steadily over time under load testing conditions.,ML-Service,Development,Windows 10,Edge 120,Critical,P1,Resolved,Heap Leak,236,4815,51.23,True,True,431,1000,Thread pool mismanagement,2023-05-30,2023-06-07
290bb1d1-2f9c-4e78-a7ca-aba3fc423231,Memory leak detected in MobileApp-Android during stress test,Application memory usage increases steadily over time under load testing conditions.,WebApp-Core,Development,Android 13,Safari 17,Critical,P4,Open,Cache Leak,162,2226,59.0,True,False,143,603,Unbounded caching mechanism,2023-04-29,2023-05-17
ba91b344-affd-4d0a-bc06-ce7742787f0a,Memory leak detected in API-Gateway during stress test,Application memory usage increases steadily over time under load testing conditions.,API-Gateway,Development,iOS 17,Safari 17,Critical,P1,Open,GPU Memory Leak,242,989,128.91,True,False,95,676,Unbounded caching mechanism,2023-06-03,2023-06-06
d3eaf0ac-83c8-4a8e-90c8-6202b608a3ea,Memory leak detected in MobileApp-iOS during stress test,Application memory usage increases steadily over time under load testing conditions.,WebApp-Core,Production,iOS 17,Edge 120,High,P3,Open,File Handle Leak,116,2999,83.52,False,False,401,747,Circular dependency in service layer,2023-09-30,
4f5c1358-7540-414e-9c66-24b9d2b5b0f8,Memory leak detected in MobileApp-iOS during stress test,Application memory usage increases steadily over time under load testing conditions.,ML-Service,Staging,Ubuntu 22.04,N/A,High,P3,Closed,Cache Leak,469,3679,140.21,True,True,465,16,Unclosed file streams,2023-01-30,2023-02-17
59c159d3-a08b-4459-9dc7-cea9454b797c,Memory leak detected in MobileApp-iOS during stress test,Application memory usage increases steadily over time under load testing conditions.,ML-Service,Staging,Windows 10,N/A,High,P2,Resolved,File Handle Leak,494,2547,83.71,True,True,158,583,Circular dependency in service layer,2023-12-16,2023-12-19
8c204fd3-b015-4941-a3c7-c396841d6ff1,Memory leak detected in API-Gateway during stress test,Application memory usage increases steadily over time under load testing conditions.,WebApp-Core,Staging,Windows 10,Edge 120,Critical,P3,Closed,Heap Leak,327,1964,72.1,True,False,460,625,Thread pool mismanagement,2023-06-14,2023-07-12
969dcd41-d41e-45a8-a91e-9ff82ce3b105,Memory leak detected in MobileApp-iOS during stress test,Application memory usage increases steadily over time under load testing conditions.,MobileApp-iOS,Staging,Windows 11,Firefox 122,Medium,P3,Open,GPU Memory Leak,232,1972,116.07,True,True,95,701,Thread pool mismanagement,2023-06-10,2023-06-25
4fd2f7f2-10e9-4145-9a57-2c96db2d8e89,Memory leak detected in Data-Pipeline during stress test,Application memory usage increases steadily over time under load testing conditions.,MobileApp-iOS,Staging,Windows 10,Edge 120,Low,P3,Resolved,Heap Leak,467,5033,38.05,True,False,58,524,Unreleased object references,2023-08-14,2023-08-16
f256d7d0-8db4-4979-a191-7d562ddba18d,Memory leak detected in Data-Pipeline during stress test,Application memory usage increases steadily over time under load testing conditions.,API-Gateway,Staging,Windows 11,Chrome 121,High,P2,Resolved,Cache Leak,448,3542,65.32,False,False,483,997,Unclosed file streams,2023-05-02,2023-05-21
986467dd-d68d-44f8-a9a6-4ae269680783,Memory leak detected in MobileApp-Android during stress test,Application memory usage increases steadily over time under load testing conditions.,ML-Service,Development,Windows 10,N/A,Medium,P2,Resolved,GPU Memory Leak,122,3517,47.18,False,True,337,744,Improper event listener cleanup,2023-11-15,
8baa6203-6557-42bf-9289-e42f40bb1e90,Memory leak detected in MobileApp-Android during stress test,Application memory usage increases steadily over time under load testing conditions.,ML-Service,Production,macOS Ventura,N/A,Critical,P4,Open,Thread Leak,139,1142,144.0,False,False,163,276,Improper event listener cleanup,2023-07-15,2023-08-05
7f3f7f16-5e91-4ebf-842b-1bb19cb09455,Memory leak detected in MobileApp-iOS during stress test,Application memory usage increases steadily over time under load testing conditions.,MobileApp-Android,Staging,Ubuntu 20.04,Chrome 121,Medium,P1,Closed,File Handle Leak,224,3192,120.86,True,False,287,518,Unreleased object references,2023-10-22,2023-10-30
cd6d4e32-fad0-4f97-a0c9-3acae5e1d282,Memory leak detected in MobileApp-Android during stress test,Application memory usage increases steadily over time under load testing conditions.,ML-Service,Development,macOS Ventura,Firefox 122,Critical,P3,Resolved,File Handle Leak,329,2387,119.01,False,False,61,84,Unbounded caching mechanism,2023-07-05,2023-07-25
7641a739-0382-44ef-aafa-b4b489d91365,Memory leak detected in MobileApp-Android during stress test,Application memory usage increases steadily over time under load testing conditions.,MobileApp-Android,Staging,Windows 10,Firefox 122,Low,P1,Resolved,Thread Leak,353,5218,96.73,False,True,65,891,Unreleased object references,2023-08-04,2023-08-09
6b94fc9e-6c3d-4c6e-be9d-5e10d497c1fb,Memory leak detected in ML-Service during stress test,Application memory usage increases steadily over time under load testing conditions.,API-Gateway,Staging,Ubuntu 20.04,Firefox 122,Critical,P3,Resolved,Heap Leak,137,1867,24.19,False,False,303,624,Thread pool mismanagement,2023-08-09,
6e2beb51-c95d-42f4-881b-8c651d8cf383,Memory leak detected in API-Gateway during stress test,Application memory usage increases steadily over time under load testing conditions.,API-Gateway,Production,Ubuntu 22.04,Safari 17,High,P1,In Progress,GPU Memory Leak,478,1104,138.5,True,True,459,8,Thread pool mismanagement,2023-02-25,2023-02-27
875faeb9-37b0-4d85-a84a-b0ac4baf54ad,Memory leak detected in MobileApp-Android during stress test,Application memory usage increases steadily over time under load testing conditions.,ML-Service,Production,macOS Ventura,Edge 120,Low,P3,Resolved,Cache Leak,294,4215,51.46,False,True,289,531,Thread pool mismanagement,2023-10-31,2023-11-21
f0899982-f2d8-4422-a1a8-e40af28d6039,Memory leak detected in MobileApp-iOS during stress test,Application memory usage increases steadily over time under load testing conditions.,MobileApp-Android,Development,Windows 10,Firefox 122,Critical,P2,Resolved,Heap Leak,246,3995,51.81,False,False,85,122,Unclosed file streams,2023-10-24,2023-11-23
21bc72b8-d334-428a-a8d3-378356dd9e42,Memory leak detected in MobileApp-iOS during stress test,Application memory usage increases steadily over time under load testing conditions.,ML-Service,Development,Windows 11,Edge 120,Medium,P4,In Progress,Thread Leak,186,7752,46.83,True,True,307,925,Unreleased object references,2023-05-21,2023-05-29
5f957234-3ba5-49a8-a4e2-677486a25e85,Memory leak detected in WebApp-Core during stress test,Application memory usage increases steadily over time under load testing conditions.,MobileApp-iOS,Development,Ubuntu 20.04,N/A,Critical,P1,In Progress,Cache Leak,350,554,125.71,False,True,367,724,Unreleased object references,2023-10-04,2023-10-11
4921600b-faca-49a9-b72b-1d20d0886987,Memory leak detected in MobileApp-iOS during stress test,Application memory usage increases steadily over time under load testing conditions.,Data-Pipeline,Production,Windows 10,Edge 120,Low,P3,Open,File Handle Leak,144,2654,130.35,True,False,142,465,Circular dependency in service layer,2023-08-16,2023-09-01
7134e200-14c7-4360-ab2f-d0f362d6b89d,Memory leak detected in WebApp-Core during stress test,Application memory usage increases steadily over time under load testing conditions.,API-Gateway,Development,Android 13,N/A,High,P3,Open,Heap Leak,452,6290,50.65,True,True,301,386,Improper event listener cleanup,2023-09-20,2023-09-23
0a21fab7-a410-4397-b27e-d8b38c4b6dba,Memory leak detected in MobileApp-Android during stress test,Application memory usage increases steadily over time under load testing conditions.,Data-Pipeline,Staging,Ubuntu 20.04,Firefox 122,Medium,P4,In Progress,Heap Leak,177,4351,75.25,False,True,252,572,Thread pool mismanagement,2023-12-11,
b948c49a-3395-4ba7-a274-6af04ec0c4c3,Memory leak detected in API-Gateway during stress test,Application memory usage increases steadily over time under load testing conditions.,Data-Pipeline,Production,Windows 11,Edge 120,Critical,P3,Resolved,GPU Memory Leak,452,3925,43.15,False,False,251,816,Circular dependency in service layer,2023-04-17,2023-04-19
f243b5b3-b7df-469a-8431-c3ec91ba9fd6,Memory leak detected in WebApp-Core during stress test,Application memory usage increases steadily over time under load testing conditions.,MobileApp-iOS,Staging,Ubuntu 22.04,Edge 120,Medium,P1,Open,GPU Memory Leak,251,4440,19.0,False,False,339,117,Unclosed file streams,2023-07-20,2023-08-07
4e638752-e593-4fc6-b904-612d70b22959,Memory leak detected in API-Gateway during stress test,Application memory usage increases steadily over time under load testing conditions.,ML-Service,Staging,Android 13,Firefox 122,Low,P2,Resolved,Thread Leak,347,6838,126.82,True,False,32,576,Unclosed file streams,2023-12-23,2023-12-28
f1686e95-e280-4597-b093-e12ed3f6cb72,Memory leak detected in MobileApp-iOS during stress test,Application memory usage increases steadily over time under load testing conditions.,WebApp-Core,Staging,Ubuntu 22.04,Firefox 122,High,P4,Resolved,Cache Leak,326,3706,66.65,False,True,294,897,Improper event listener cleanup,2023-05-14,2023-05-28
3607fc65-d0df-4910-a03e-03d28d4ef61b,Memory leak detected in MobileApp-Android during stress test,Application memory usage increases steadily over time under load testing conditions.,ML-Service,Production,Windows 10,Chrome 121,Critical,P4,Resolved,File Handle Leak,414,1403,93.56,True,True,266,216,Unclosed file streams,2023-10-02,2023-10-23
28f17386-5b83-4c49-aafd-ff18cd65db47,Memory leak detected in Data-Pipeline during stress test,Application memory usage increases steadily over time under load testing conditions.,MobileApp-Android,Staging,iOS 17,Firefox 122,High,P2,Closed,GPU Memory Leak,374,1786,62.35,True,True,19,866,Unreleased object references,2023-10-02,
e2b63c10-c992-434d-a694-5d7318ad288e,Memory leak detected in MobileApp-iOS during stress test,Application memory usage increases steadily over time under load testing conditions.,MobileApp-iOS,Development,Windows 11,Firefox 122,Low,P2,Open,Cache Leak,348,3759,11.13,False,True,419,759,Unclosed file streams,2023-09-27,
982b39d4-6810-47b8-9c7d-dd13b68d7bce,Memory leak detected in Data-Pipeline during stress test,Application memory usage increases steadily over time under load testing conditions.,API-Gateway,Development,Windows 10,N/A,Medium,P4,Closed,GPU Memory Leak,469,4632,107.01,False,False,218,525,Circular dependency in service layer,2023-02-13,
2df29c9f-da3d-4ba3-b8de-ddf423146a0b,Memory leak detected in Data-Pipeline during stress test,Application memory usage increases steadily over time under load testing conditions.,ML-Service,Staging,Ubuntu 22.04,Edge 120,Critical,P4,In Progress,Cache Leak,151,2160,43.32,False,False,146,930,Circular dependency in service layer,2023-01-12,2023-01-27
eb496016-73d9-431b-be5f-1c56348b495e,Memory leak detected in MobileApp-iOS during stress test,Application memory usage increases steadily over time under load testing conditions.,ML-Service,Production,Windows 10,Safari 17,Medium,P4,Closed,GPU Memory Leak,354,641,110.5,False,False,245,577,Unreleased object references,2023-10-01,2023-10-14
cf60ba08-204b-47ad-b2b0-95045e006b2d,Memory leak detected in WebApp-Core during stress test,Application memory usage increases steadily over time under load testing conditions.,ML-Service,Development,Windows 11,Safari 17,Medium,P4,In Progress,Cache Leak,422,7132,146.49,False,True,31,786,Unbounded caching mechanism,2023-11-26,2023-12-01
ccd9c49a-e11c-4c8b-9226-e1db7dcc6ce7,Memory leak detected in Data-Pipeline during stress test,Application memory usage increases steadily over time under load testing conditions.,ML-Service,Production,Ubuntu 22.04,Chrome 121,High,P3,Closed,Thread Leak,177,3267,10.29,False,False,492,668,Improper event listener cleanup,2023-05-10,2023-06-03
a84a8cb9-60f9-4fec-87b0-2effa9c55c7e,Memory leak detected in Data-Pipeline during stress test,Application memory usage increases steadily over time under load testing conditions.,WebApp-Core,Development,Ubuntu 22.04,Chrome 121,Critical,P3,Open,GPU Memory Leak,384,4714,129.5,True,True,102,449,Unreleased object references,2023-06-14,2023-06-30
3e56df14-a427-4a81-9d97-bddea71593c4,Memory leak detected in API-Gateway during stress test,Application memory usage increases steadily over time under load testing conditions.,MobileApp-Android,Production,iOS 17,N/A,Critical,P1,Open,File Handle Leak,420,1898,121.46,True,False,151,738,Circular dependency in service layer,2023-01-20,2023-02-05
3d925132-a8a9-4a71-a308-625db574253d,Memory leak detected in MobileApp-Android during stress test,Application memory usage increases steadily over time under load testing conditions.,MobileApp-Android,Staging,macOS Ventura,Firefox 122,High,P2,Closed,Cache Leak,290,7787,86.75,True,False,475,765,Circular dependency in service layer,2023-05-19,2023-06-08
380b91cc-42c1-45d0-aa02-ef167660f483,Memory leak detected in API-Gateway during stress test,Application memory usage increases steadily over time under load testing conditions.,MobileApp-Android,Development,Ubuntu 22.04,Chrome 121,Low,P2,In Progress,GPU Memory Leak,342,6357,6.42,True,False,170,97,Unreleased object references,2023-03-11,
cdb2e561-517a-47cd-8ab9-8dc09883d959,Memory leak detected in MobileApp-Android during stress test,Application memory usage increases steadily over time under load testing conditions.,MobileApp-iOS,Production,Windows 10,Firefox 122,High,P2,Closed,Thread Leak,279,1046,97.27,False,False,320,786,Unbounded caching mechanism,2023-11-16,2023-11-22
b7ff52b6-1304-4f2e-91d9-118d4ab1a768,Memory leak detected in MobileApp-Android during stress test,Application memory usage increases steadily over time under load testing conditions.,WebApp-Core,Production,Windows 11,Edge 120,Medium,P2,Open,GPU Memory Leak,203,5901,16.23,False,False,295,791,Thread pool mismanagement,2023-05-11,2023-06-01
241d9bdb-6fd6-4d28-b6da-d18800e0966e,Memory leak detected in API-Gateway during stress test,Application memory usage increases steadily over time under load testing conditions.,MobileApp-Android,Development,Windows 10,Firefox 122,Medium,P4,In Progress,GPU Memory Leak,415,6539,101.93,True,False,448,1,Unclosed file streams,2023-11-06,2023-12-02
e507716d-86a1-49d1-ba39-c1e3f824b17c,Memory leak detected in API-Gateway during stress test,Application memory usage increases steadily over time under load testing conditions.,Data-Pipeline,Staging,Ubuntu 20.04,Edge 120,Low,P3,Closed,Cache Leak,361,1622,122.05,False,False,182,320,Thread pool mismanagement,2023-02-09,2023-02-11
58c22aca-91d3-43fb-bf59-be0c49b69d12,Memory leak detected in Data-Pipeline during stress test,Application memory usage increases steadily over time under load testing conditions.,MobileApp-iOS,Production,Windows 11,Safari 17,Critical,P1,Resolved,Heap Leak,209,5459,143.53,False,False,92,26,Unclosed file streams,2023-06-12,2023-07-11
695783b3-8773-4075-b449-ed8aec1eb81b,Memory leak detected in ML-Service during stress test,Application memory usage increases steadily over time under load testing conditions.,MobileApp-Android,Staging,Ubuntu 20.04,Firefox 122,Low,P3,Closed,File Handle Leak,317,6467,36.0,True,True,301,318,Unclosed file streams,2023-08-27,2023-09-08
b1b72304-0fbb-4326-a0eb-2ee8a792abdf,Memory leak detected in ML-Service during stress test,Application memory usage increases steadily over time under load testing conditions.,MobileApp-iOS,Development,Android 13,Edge 120,Critical,P1,Open,File Handle Leak,357,2578,138.63,False,True,498,586,Unreleased object references,2023-02-18,2023-03-20
bb7c5ed4-edbc-4be5-b339-bb0f8f5e4fde,Memory leak detected in Data-Pipeline during stress test,Application memory usage increases steadily over time under load testing conditions.,Data-Pipeline,Production,iOS 17,Chrome 121,Low,P2,Open,Thread Leak,351,4223,30.2,True,True,446,872,Improper event listener cleanup,2023-08-30,2023-09-20
951a9d13-b54d-43af-bb75-a9b1dca8d919,Memory leak detected in Data-Pipeline during stress test,Application memory usage increases steadily over time under load testing conditions.,WebApp-Core,Staging,Windows 10,N/A,High,P3,Open,File Handle Leak,128,1478,69.29,False,True,464,601,Circular dependency in service layer,2023-02-12,2023-03-12
040f5e9c-1503-4876-bf9d-6227ced598cd,Memory leak detected in Data-Pipeline during stress test,Application memory usage increases steadily over time under load testing conditions.,WebApp-Core,Development,Windows 11,N/A,Medium,P2,Open,GPU Memory Leak,313,3802,126.47,False,True,142,624,Improper event listener cleanup,2023-07-07,2023-07-29
cded9c19-0584-43a4-9140-434bf84f5e75,Memory leak detected in WebApp-Core during stress test,Application memory usage increases steadily over time under load testing conditions.,MobileApp-iOS,Staging,macOS Ventura,Edge 120,Low,P2,Closed,Thread Leak,482,5704,127.11,True,False,46,120,Unreleased object references,2023-12-19,2023-12-25
e0fd7963-400b-4aa1-92ea-45a17ad6c28a,Memory leak detected in WebApp-Core during stress test,Application memory usage increases steadily over time under load testing conditions.,MobileApp-Android,Development,Windows 11,Edge 120,Critical,P4,In Progress,File Handle Leak,402,3100,95.86,True,True,159,55,Unbounded caching mechanism,2023-04-04,2023-04-10
0ad52bcc-4188-4c2a-8176-2864504d4916,Memory leak detected in MobileApp-Android during stress test,Application memory usage increases steadily over time under load testing conditions.,MobileApp-Android,Staging,Windows 11,Firefox 122,High,P2,Closed,File Handle Leak,389,1650,50.75,True,False,182,593,Unclosed file streams,2023-12-28,2024-01-06
e272fa9a-d579-44f8-bfcf-cfe287ad736e,Memory leak detected in MobileApp-Android during stress test,Application memory usage increases steadily over time under load testing conditions.,WebApp-Core,Production,Ubuntu 22.04,Firefox 122,Medium,P1,Resolved,File Handle Leak,423,4183,104.62,True,False,359,992,Thread pool mismanagement,2023-06-28,2023-07-15
e3dcdb1b-91f3-4d40-bd0d-697331cf4bb1,Memory leak detected in MobileApp-Android during stress test,Application memory usage increases steadily over time under load testing conditions.,MobileApp-iOS,Development,Ubuntu 22.04,Edge 120,Low,P4,In Progress,Cache Leak,146,2703,79.42,True,False,301,331,Unclosed file streams,2023-10-10,2023-11-05
166143fd-49ba-45db-af46-1a73ed818508,Memory leak detected in WebApp-Core during stress test,Application memory usage increases steadily over time under load testing conditions.,Data-Pipeline,Staging,iOS 17,Chrome 121,Medium,P1,Closed,File Handle Leak,117,7883,51.74,False,True,96,936,Unclosed file streams,2023-10-16,2023-11-04
20f80e4c-944b-4716-aa30-f3f0bc35ff22,Memory leak detected in API-Gateway during stress test,Application memory usage increases steadily over time under load testing conditions.,ML-Service,Staging,macOS Ventura,N/A,Critical,P1,Closed,GPU Memory Leak,195,4979,114.05,False,False,308,346,Unbounded caching mechanism,2023-06-06,
80374d52-431e-4ae1-9a82-75141aa117b8,Memory leak detected in ML-Service during stress test,Application memory usage increases steadily over time under load testing conditions.,WebApp-Core,Staging,Ubuntu 22.04,Edge 120,Critical,P4,In Progress,Thread Leak,219,7687,115.66,True,False,454,612,Circular dependency in service layer,2023-12-14,2023-12-16
7c98d6d9-3211-48c5-8117-641b4c3d1508,Memory leak detected in Data-Pipeline during stress test,Application memory usage increases steadily over time under load testing conditions.,MobileApp-iOS,Development,Windows 10,Edge 120,Medium,P2,Closed,Cache Leak,484,5152,25.23,True,False,1,675,Improper event listener cleanup,2023-09-26,
276c7a6d-d7a9-4827-8031-61c889b54d86,Memory leak detected in MobileApp-Android during stress test,Application memory usage increases steadily over time under load testing conditions.,API-Gateway,Development,Android 13,Firefox 122,Medium,P2,Open,Cache Leak,141,3019,31.77,True,False,52,483,Thread pool mismanagement,2023-04-13,2023-04-23
dea6c7f3-d23c-4334-9ef6-de5329a8b2c2,Memory leak detected in API-Gateway during stress test,Application memory usage increases steadily over time under load testing conditions.,Data-Pipeline,Development,iOS 17,Chrome 121,Critical,P3,Resolved,GPU Memory Leak,341,7977,101.92,False,False,460,290,Circular dependency in service layer,2023-12-18,2023-12-25
61b49617-e87c-431a-bf70-7a3225c871cd,Memory leak detected in Data-Pipeline during stress test,Application memory usage increases steadily over time under load testing conditions.,ML-Service,Development,Windows 11,N/A,Medium,P3,Resolved,File Handle Leak,277,1087,75.8,False,True,313,614,Unbounded caching mechanism,2023-08-06,2023-08-24
462c2fab-aa61-4e7d-bdc9-bc94313df0d6,Memory leak detected in MobileApp-iOS during stress test,Application memory usage increases steadily over time under load testing conditions.,API-Gateway,Development,Ubuntu 20.04,Safari 17,Medium,P1,In Progress,File Handle Leak,196,4595,11.42,False,False,346,841,Unbounded caching mechanism,2023-02-09,2023-02-14
698e3dae-ca1b-4314-b858-a26158651160,Memory leak detected in ML-Service during stress test,Application memory usage increases steadily over time under load testing conditions.,WebApp-Core,Staging,iOS 17,Chrome 121,High,P4,Closed,Heap Leak,183,1970,62.74,True,False,66,589,Thread pool mismanagement,2023-01-18,2023-02-01
5aafd609-e347-46ef-8c93-cafa2fb227ca,Memory leak detected in API-Gateway during stress test,Application memory usage increases steadily over time under load testing conditions.,API-Gateway,Development,Ubuntu 20.04,Safari 17,High,P4,Closed,Thread Leak,434,4482,144.19,False,False,365,344,Thread pool mismanagement,2023-07-16,2023-07-17
b9e6f57e-10d4-4f5c-97c1-cd96edfaffc4,Memory leak detected in API-Gateway during stress test,Application memory usage increases steadily over time under load testing conditions.,Data-Pipeline,Development,Windows 11,Chrome 121,High,P2,In Progress,Thread Leak,317,1965,82.1,False,False,25,476,Unclosed file streams,2023-07-06,
72274d46-de49-4a25-a0bb-053499da02e5,Memory leak detected in ML-Service during stress test,Application memory usage increases steadily over time under load testing conditions.,Data-Pipeline,Staging,Ubuntu 20.04,Safari 17,High,P2,Open,Thread Leak,335,4510,58.23,False,True,151,366,Unbounded caching mechanism,2023-01-21,
ce7bfde7-fd29-468b-92bb-03e3dfeb068c,Memory leak detected in MobileApp-iOS during stress test,Application memory usage increases steadily over time under load testing conditions.,Data-Pipeline,Development,macOS Ventura,Safari 17,Medium,P3,Open,Thread Leak,118,5709,91.39,True,True,373,149,Circular dependency in service layer,2023-01-09,2023-01-19
16832cf7-2057-437c-9331-39b69b84607b,Memory leak detected in MobileApp-Android during stress test,Application memory usage increases steadily over time under load testing conditions.,Data-Pipeline,Production,macOS Ventura,Safari 17,Low,P4,Resolved,File Handle Leak,334,3329,104.9,True,True,312,742,Circular dependency in service layer,2023-09-10,2023-09-19
8d07e01d-06fb-4323-88db-ff7cdc55f674,Memory leak detected in Data-Pipeline during stress test,Application memory usage increases steadily over time under load testing conditions.,MobileApp-iOS,Staging,Ubuntu 22.04,Chrome 121,Medium,P2,Open,Cache Leak,272,1145,139.48,True,True,293,268,Unclosed file streams,2023-02-21,2023-03-17
7c4ccef0-f563-4eb6-a1d5-9b9020afe338,Memory leak detected in WebApp-Core during stress test,Application memory usage increases steadily over time under load testing conditions.,MobileApp-iOS,Production,Ubuntu 22.04,Firefox 122,Critical,P2,In Progress,File Handle Leak,224,7002,105.67,True,False,466,186,Circular dependency in service layer,2023-11-12,2023-12-10
163a5d8c-4ebf-4dd2-b859-1a88499ea2f0,Memory leak detected in Data-Pipeline during stress test,Application memory usage increases steadily over time under load testing conditions.,MobileApp-Android,Staging,Ubuntu 20.04,Safari 17,High,P4,In Progress,GPU Memory Leak,109,2196,118.4,True,False,114,66,Thread pool mismanagement,2023-05-26,2023-06-09
4fef724a-f6d2-4381-92c8-ffc06d05a0bc,Memory leak detected in Data-Pipeline during stress test,Application memory usage increases steadily over time under load testing conditions.,ML-Service,Staging,macOS Ventura,Safari 17,Critical,P4,Resolved,File Handle Leak,335,7274,90.25,False,False,422,456,Improper event listener cleanup,2023-05-28,2023-06-17
a627a46c-532b-4fa9-af58-62e130a80856,Memory leak detected in Data-Pipeline during stress test,Application memory usage increases steadily over time under load testing conditions.,API-Gateway,Staging,Ubuntu 22.04,Chrome 121,Low,P1,Resolved,Heap Leak,372,2225,106.17,True,False,156,299,Unclosed file streams,2023-08-25,2023-09-10
17096445-7446-4ac0-abab-daf10beb0049,Memory leak detected in ML-Service during stress test,Application memory usage increases steadily over time under load testing conditions.,MobileApp-iOS,Production,Ubuntu 22.04,Safari 17,Low,P2,Closed,GPU Memory Leak,419,1777,89.82,False,True,194,622,Unreleased object references,2023-08-20,2023-08-21
a5f6820f-542c-454b-a3e7-f2a69fca2082,Memory leak detected in MobileApp-Android during stress test,Application memory usage increases steadily over time under load testing conditions.,Data-Pipeline,Staging,macOS Ventura,Safari 17,High,P3,Closed,Thread Leak,392,1406,46.96,False,False,395,372,Circular dependency in service layer,2023-02-19,2023-02-26
90b5f45c-559f-419f-9264-ac4961a1a0bd,Memory leak detected in ML-Service during stress test,Application memory usage increases steadily over time under load testing conditions.,ML-Service,Production,Ubuntu 22.04,Firefox 122,Critical,P1,Closed,File Handle Leak,490,5686,97.25,False,True,474,895,Improper event listener cleanup,2023-02-24,2023-03-18
106ae2c1-4f49-45a0-95b7-c51fcb62d6e3,Memory leak detected in Data-Pipeline during stress test,Application memory usage increases steadily over time under load testing conditions.,MobileApp-Android,Production,Windows 10,Safari 17,Critical,P1,Closed,GPU Memory Leak,271,7298,115.63,True,True,71,625,Thread pool mismanagement,2023-07-24,2023-08-11
dd657104-2923-448b-b50d-6899037cecec,Memory leak detected in WebApp-Core during stress test,Application memory usage increases steadily over time under load testing conditions.,MobileApp-iOS,Production,Windows 11,Firefox 122,Critical,P4,Resolved,Heap Leak,474,5174,64.27,False,True,436,936,Improper event listener cleanup,2023-09-15,2023-10-05
79b2d655-d949-4617-b632-40f5815affbc,Memory leak detected in Data-Pipeline during stress test,Application memory usage increases steadily over time under load testing conditions.,MobileApp-Android,Staging,Windows 11,Edge 120,Low,P4,In Progress,Thread Leak,189,2460,73.46,False,False,126,701,Thread pool mismanagement,2023-08-23,2023-09-20
d0942ff1-f0ee-4b2d-b0ab-55b06c66251b,Memory leak detected in WebApp-Core during stress test,Application memory usage increases steadily over time under load testing conditions.,ML-Service,Staging,iOS 17,Firefox 122,Medium,P1,Open,Heap Leak,336,1948,77.53,True,False,444,533,Unbounded caching mechanism,2023-08-16,2023-09-11
142c43e2-2add-4110-ac88-fc6ee4665b54,Memory leak detected in ML-Service during stress test,Application memory usage increases steadily over time under load testing conditions.,WebApp-Core,Production,iOS 17,N/A,Low,P1,Closed,Heap Leak,233,3916,133.09,False,False,425,843,Circular dependency in service layer,2023-07-17,
91df8d90-f148-4d4a-9dcc-86da73458216,Memory leak detected in API-Gateway during stress test,Application memory usage increases steadily over time under load testing conditions.,WebApp-Core,Development,Windows 11,Edge 120,Low,P3,Resolved,Cache Leak,422,4690,99.2,False,True,468,249,Unbounded caching mechanism,2023-01-21,2023-02-13
9673d86f-fa44-4188-bbe7-70d33861e95d,Memory leak detected in Data-Pipeline during stress test,Application memory usage increases steadily over time under load testing conditions.,API-Gateway,Development,iOS 17,Edge 120,High,P2,Closed,File Handle Leak,455,5759,15.74,False,False,291,282,Thread pool mismanagement,2023-04-18,2023-04-29
1ea69d66-8cf3-4102-a0ad-32f5f36a2bfc,Memory leak detected in MobileApp-iOS during stress test,Application memory usage increases steadily over time under load testing conditions.,ML-Service,Staging,Android 13,Edge 120,High,P3,Resolved,Cache Leak,247,4774,8.76,False,False,80,762,Circular dependency in service layer,2023-01-19,2023-01-24
55994930-c789-438a-b7f4-25c4ae1e2f39,Memory leak detected in MobileApp-Android during stress test,Application memory usage increases steadily over time under load testing conditions.,WebApp-Core,Development,macOS Ventura,Edge 120,Medium,P4,Resolved,File Handle Leak,296,2894,42.31,False,False,317,922,Improper event listener cleanup,2023-03-07,
310ea83c-f2c6-4e72-890e-3de794a61436,Memory leak detected in MobileApp-iOS during stress test,Application memory usage increases steadily over time under load testing conditions.,API-Gateway,Staging,Android 13,Firefox 122,Critical,P3,Closed,Cache Leak,356,7484,50.57,True,True,176,231,Unclosed file streams,2023-06-26,2023-07-15
75f88a93-5441-466e-88e2-88a989c76f68,Memory leak detected in WebApp-Core during stress test,Application memory usage increases steadily over time under load testing conditions.,Data-Pipeline,Development,Ubuntu 20.04,Safari 17,Critical,P4,In Progress,GPU Memory Leak,498,5485,110.67,False,True,205,642,Unreleased object references,2023-04-16,2023-04-25
9e958944-89ac-4d93-bb2c-76914b322628,Memory leak detected in ML-Service during stress test,Application memory usage increases steadily over time under load testing conditions.,WebApp-Core,Development,Ubuntu 22.04,N/A,Medium,P3,Resolved,GPU Memory Leak,373,5032,127.76,True,True,354,735,Unbounded caching mechanism,2023-06-18,2023-06-27
27b6687c-25c1-49e2-9d69-8594d4715e32,Memory leak detected in WebApp-Core during stress test,Application memory usage increases steadily over time under load testing conditions.,Data-Pipeline,Development,Android 13,Chrome 121,Medium,P2,Open,GPU Memory Leak,236,5490,85.04,True,True,300,780,Thread pool mismanagement,2023-04-01,
71f4b31c-5c25-4e0a-91af-18a638a3b6c3,Memory leak detected in Data-Pipeline during stress test,Application memory usage increases steadily over time under load testing conditions.,WebApp-Core,Development,Ubuntu 22.04,Chrome 121,Critical,P4,Closed,GPU Memory Leak,500,7722,12.41,True,True,307,499,Unclosed file streams,2023-09-02,2023-09-20
6ddb2b64-44c2-4ba1-9e58-9156bd723567,Memory leak detected in API-Gateway during stress test,Application memory usage increases steadily over time under load testing conditions.,Data-Pipeline,Development,macOS Ventura,N/A,Critical,P4,Resolved,Cache Leak,157,4020,109.4,False,False,324,181,Unclosed file streams,2023-10-19,
9631674c-adb6-43cd-ad97-013c008704b9,Memory leak detected in ML-Service during stress test,Application memory usage increases steadily over time under load testing conditions.,MobileApp-Android,Staging,Ubuntu 20.04,N/A,High,P1,Open,GPU Memory Leak,253,5786,43.31,False,True,164,915,Thread pool mismanagement,2023-09-17,2023-09-27
61a98a94-7020-4310-8339-4b73dbb84b93,Memory leak detected in MobileApp-iOS during stress test,Application memory usage increases steadily over time under load testing conditions.,WebApp-Core,Staging,Ubuntu 20.04,N/A,Medium,P3,Open,GPU Memory Leak,489,1037,67.64,True,False,257,313,Unclosed file streams,2023-08-29,2023-09-04
f533db8c-7209-41b9-ba61-13339e3c4a19,Memory leak detected in Data-Pipeline during stress test,Application memory usage increases steadily over time under load testing conditions.,MobileApp-Android,Staging,Windows 11,Firefox 122,Critical,P3,In Progress,Thread Leak,412,2958,35.49,True,False,490,529,Unbounded caching mechanism,2023-09-29,2023-10-21
6126fb10-658e-4336-8c77-89491e4e8f84,Memory leak detected in MobileApp-iOS during stress test,Application memory usage increases steadily over time under load testing conditions.,API-Gateway,Staging,Ubuntu 20.04,Firefox 122,High,P2,Resolved,File Handle Leak,471,6887,44.06,False,False,218,577,Unbounded caching mechanism,2023-12-01,2023-12-15
2fbdfc50-96a5-4d31-be99-950de675426e,Memory leak detected in MobileApp-iOS during stress test,Application memory usage increases steadily over time under load testing conditions.,Data-Pipeline,Development,Ubuntu 22.04,Edge 120,Low,P3,In Progress,File Handle Leak,128,3810,145.46,False,False,13,330,Unbounded caching mechanism,2023-08-02,
f4c27eda-84df-492e-a180-19f79b4294ad,Memory leak detected in ML-Service during stress test,Application memory usage increases steadily over time under load testing conditions.,ML-Service,Staging,iOS 17,Edge 120,Low,P4,In Progress,GPU Memory Leak,202,6554,120.63,False,False,483,739,Thread pool mismanagement,2023-07-15,2023-08-02
912f1a2d-909a-462c-9b62-56da9cd11cf5,Memory leak detected in Data-Pipeline during stress test,Application memory usage increases steadily over time under load testing conditions.,API-Gateway,Development,Ubuntu 20.04,N/A,Critical,P4,Open,Heap Leak,437,6899,61.56,False,False,276,379,Unbounded caching mechanism,2023-08-29,2023-08-31
b466393a-34c8-4c55-a80d-a40da5a206f0,Memory leak detected in Data-Pipeline during stress test,Application memory usage increases steadily over time under load testing conditions.,API-Gateway,Development,iOS 17,Firefox 122,High,P3,Open,Cache Leak,483,1600,15.73,True,False,294,560,Circular dependency in service layer,2023-05-26,
954edcd7-bcdd-4993-8da2-b16e07db71ec,Memory leak detected in WebApp-Core during stress test,Application memory usage increases steadily over time under load testing conditions.,Data-Pipeline,Production,Android 13,Edge 120,High,P1,In Progress,GPU Memory Leak,453,2887,8.17,False,False,117,472,Unclosed file streams,2023-05-14,2023-06-10
c0be4a40-8ed3-493a-a38e-5bfad9371e7d,Memory leak detected in Data-Pipeline during stress test,Application memory usage increases steadily over time under load testing conditions.,WebApp-Core,Development,Windows 10,Safari 17,Critical,P1,Closed,Heap Leak,232,6267,42.03,True,False,9,580,Unbounded caching mechanism,2023-06-20,
a1e259a9-6f9a-42d7-880d-ff915224a1b1,Memory leak detected in API-Gateway during stress test,Application memory usage increases steadily over time under load testing conditions.,MobileApp-iOS,Production,Ubuntu 20.04,Chrome 121,Low,P4,Open,Thread Leak,267,7039,119.57,True,True,294,945,Unbounded caching mechanism,2023-01-17,2023-02-14
287366a5-c327-4252-99c7-eb42f83ee144,Memory leak detected in API-Gateway during stress test,Application memory usage increases steadily over time under load testing conditions.,MobileApp-iOS,Staging,Ubuntu 22.04,Firefox 122,High,P4,In Progress,Thread Leak,137,6659,116.23,False,False,271,800,Circular dependency in service layer,2023-11-09,2023-11-16
377fb90b-b8e6-4b7a-8714-b27fbc9765f9,Memory leak detected in API-Gateway during stress test,Application memory usage increases steadily over time under load testing conditions.,WebApp-Core,Development,Windows 11,Edge 120,Critical,P3,Resolved,GPU Memory Leak,250,5208,5.92,False,False,335,682,Improper event listener cleanup,2023-08-10,2023-08-23
57f70ec2-4e6b-4e9f-aa85-e0f48ce766e2,Memory leak detected in MobileApp-Android during stress test,Application memory usage increases steadily over time under load testing conditions.,MobileApp-Android,Development,Windows 11,Edge 120,Medium,P4,Open,Thread Leak,466,7711,130.75,True,True,277,357,Unreleased object references,2023-10-22,2023-11-20
d3785f39-2df6-4ea1-9b42-f7522c37d83b,Memory leak detected in MobileApp-iOS during stress test,Application memory usage increases steadily over time under load testing conditions.,MobileApp-Android,Staging,Ubuntu 20.04,Firefox 122,Medium,P2,Open,GPU Memory Leak,436,2385,35.28,False,True,428,971,Unbounded caching mechanism,2023-06-17,2023-07-17
1c4b99b1-2183-450f-9fd4-a2967797af37,Memory leak detected in WebApp-Core during stress test,Application memory usage increases steadily over time under load testing conditions.,API-Gateway,Staging,Ubuntu 22.04,Firefox 122,Medium,P1,Open,Heap Leak,478,7497,35.24,True,True,84,775,Improper event listener cleanup,2023-01-14,2023-02-07
648b0c2a-45e1-4625-8731-e4120033c4a6,Memory leak detected in MobileApp-iOS during stress test,Application memory usage increases steadily over time under load testing conditions.,API-Gateway,Development,Windows 11,Chrome 121,High,P1,Resolved,Thread Leak,283,5454,113.7,True,False,9,8,Unbounded caching mechanism,2023-03-03,2023-03-27
5ace2b0c-3478-46c2-ab76-afc43ab26938,Memory leak detected in MobileApp-iOS during stress test,Application memory usage increases steadily over time under load testing conditions.,WebApp-Core,Staging,iOS 17,Edge 120,Medium,P4,Closed,Cache Leak,281,1319,57.26,True,False,374,663,Unclosed file streams,2023-08-04,2023-09-01
3f18757a-4a44-4ad0-8649-ebca7ac942ad,Memory leak detected in MobileApp-Android during stress test,Application memory usage increases steadily over time under load testing conditions.,ML-Service,Development,Windows 11,Safari 17,Low,P4,In Progress,File Handle Leak,190,2539,86.86,False,False,422,162,Unbounded caching mechanism,2023-01-24,
f4c201f9-6b93-4395-a5a8-984a0b367f87,Memory leak detected in Data-Pipeline during stress test,Application memory usage increases steadily over time under load testing conditions.,MobileApp-Android,Staging,Windows 10,Firefox 122,Low,P1,In Progress,File Handle Leak,177,4748,112.59,False,False,466,862,Unclosed file streams,2023-03-30,
1d912043-af3b-4243-b578-4dce10906f43,Memory leak detected in API-Gateway during stress test,Application memory usage increases steadily over time under load testing conditions.,WebApp-Core,Production,iOS 17,Firefox 122,Critical,P4,Closed,Thread Leak,269,711,9.13,True,True,52,16,Unclosed file streams,2023-11-15,2023-12-11
98c9aa65-cd84-4722-9b0a-bd9ef70cf4a6,Memory leak detected in API-Gateway during stress test,Application memory usage increases steadily over time under load testing conditions.,API-Gateway,Production,Ubuntu 22.04,Firefox 122,Low,P2,Closed,Cache Leak,157,1043,145.47,False,True,166,673,Thread pool mismanagement,2023-04-25,
070f2dfd-79c6-446e-b322-506e77b13b0d,Memory leak detected in Data-Pipeline during stress test,Application memory usage increases steadily over time under load testing conditions.,ML-Service,Development,Windows 11,Firefox 122,Medium,P3,In Progress,Heap Leak,149,6368,74.28,True,False,145,909,Thread pool mismanagement,2023-07-07,2023-07-29
dbf5aa1d-47dc-4ff1-9121-3aff74ef7ad9,Memory leak detected in MobileApp-iOS during stress test,Application memory usage increases steadily over time under load testing conditions.,Data-Pipeline,Staging,Android 13,N/A,High,P3,Resolved,Cache Leak,473,2012,100.61,False,True,297,755,Unreleased object references,2023-02-23,2023-03-04
2aad8e43-6d83-4be6-8a21-126fb52ceb53,Memory leak detected in Data-Pipeline during stress test,Application memory usage increases steadily over time under load testing conditions.,WebApp-Core,Development,Windows 11,Safari 17,High,P4,Closed,Cache Leak,193,2121,7.08,False,True,322,891,Thread pool mismanagement,2023-07-17,2023-08-12
bd03be85-8ce0-453c-acf3-886c3f01e993,Memory leak detected in API-Gateway during stress test,Application memory usage increases steadily over time under load testing conditions.,WebApp-Core,Production,Ubuntu 20.04,N/A,High,P2,In Progress,File Handle Leak,418,4212,43.11,False,False,396,563,Unbounded caching mechanism,2023-07-27,2023-08-03
a22eeff6-5794-4a3b-9e30-d2d4c9296f6e,Memory leak detected in MobileApp-iOS during stress test,Application memory usage increases steadily over time under load testing conditions.,WebApp-Core,Staging,Ubuntu 22.04,Chrome 121,Medium,P4,In Progress,Cache Leak,275,7514,115.67,True,True,282,730,Unclosed file streams,2023-12-06,
1971696a-174e-4991-a4bb-2d8ef85995f6,Memory leak detected in WebApp-Core during stress test,Application memory usage increases steadily over time under load testing conditions.,ML-Service,Development,Ubuntu 22.04,N/A,Medium,P3,In Progress,Heap Leak,323,4207,85.23,True,False,270,616,Improper event listener cleanup,2023-03-06,2023-03-16
1a8337a9-eb7a-4e8b-9918-40d34eb81d3d,Memory leak detected in MobileApp-Android during stress test,Application memory usage increases steadily over time under load testing conditions.,Data-Pipeline,Production,Windows 11,Edge 120,Medium,P4,In Progress,Thread Leak,372,884,57.59,True,True,277,965,Thread pool mismanagement,2023-10-16,2023-11-02
9309432f-8290-4b19-864e-4f71363acd4e,Memory leak detected in ML-Service during stress test,Application memory usage increases steadily over time under load testing conditions.,API-Gateway,Staging,Ubuntu 22.04,Edge 120,Medium,P2,Open,Heap Leak,305,900,47.99,False,False,107,946,Circular dependency in service layer,2023-08-06,2023-08-15
7f7e4bab-ae98-431d-800a-23f5f9f659f8,Memory leak detected in MobileApp-Android during stress test,Application memory usage increases steadily over time under load testing conditions.,API-Gateway,Development,iOS 17,Firefox 122,Critical,P3,Closed,Cache Leak,486,985,64.5,True,True,428,359,Unreleased object references,2023-11-10,2023-11-13
47c4f104-b54e-45d4-926c-fd03755e84f6,Memory leak detected in Data-Pipeline during stress test,Application memory usage increases steadily over time under load testing conditions.,ML-Service,Production,Windows 11,Firefox 122,Critical,P3,Resolved,File Handle Leak,305,1650,22.9,True,True,267,319,Thread pool mismanagement,2023-04-26,2023-05-05
f5256429-b1a8-463e-a08d-6f57c40f0182,Memory leak detected in MobileApp-iOS during stress test,Application memory usage increases steadily over time under load testing conditions.,WebApp-Core,Production,Android 13,N/A,Critical,P3,Open,File Handle Leak,218,4359,100.76,False,True,196,859,Unclosed file streams,2023-02-22,2023-03-14
6fef347a-2456-4099-9d9e-73f3e5d896fc,Memory leak detected in Data-Pipeline during stress test,Application memory usage increases steadily over time under load testing conditions.,API-Gateway,Staging,Windows 11,N/A,Low,P4,Resolved,GPU Memory Leak,186,5292,132.06,False,False,216,59,Circular dependency in service layer,2023-02-27,2023-03-13
c953c5c0-77f1-438a-8453-8af0f192dc64,Memory leak detected in MobileApp-iOS during stress test,Application memory usage increases steadily over time under load testing conditions.,Data-Pipeline,Production,Ubuntu 20.04,Safari 17,High,P2,Open,Heap Leak,470,7400,111.2,True,False,125,600,Unbounded caching mechanism,2023-02-23,2023-03-04
4f84e3ca-c311-4e5c-8d1d-e5fe4ce81a02,Memory leak detected in Data-Pipeline during stress test,Application memory usage increases steadily over time under load testing conditions.,API-Gateway,Production,macOS Ventura,N/A,Critical,P1,Open,Thread Leak,153,2677,149.61,True,True,295,98,Unreleased object references,2023-04-24,2023-05-16
8ab65fad-63b5-4998-92d2-a7b8d3c3742d,Memory leak detected in API-Gateway during stress test,Application memory usage increases steadily over time under load testing conditions.,Data-Pipeline,Production,Windows 10,Edge 120,Critical,P1,Open,Cache Leak,409,6310,66.17,False,True,111,581,Improper event listener cleanup,2023-05-03,2023-05-25
24936f6c-0bf9-4e57-877a-e1ffe52f939c,Memory leak detected in WebApp-Core during stress test,Application memory usage increases steadily over time under load testing conditions.,Data-Pipeline,Staging,iOS 17,Edge 120,High,P2,Resolved,GPU Memory Leak,249,1309,138.5,False,False,402,49,Unclosed file streams,2023-01-13,2023-01-24
f541e39e-6bae-4615-a174-d218b3435b7d,Memory leak detected in MobileApp-Android during stress test,Application memory usage increases steadily over time under load testing conditions.,ML-Service,Production,Android 13,Edge 120,Critical,P2,In Progress,Cache Leak,493,2655,120.08,True,False,181,632,Thread pool mismanagement,2023-08-23,2023-09-13
fa606c02-2697-4bb7-8028-fed5ebefe00c,Memory leak detected in API-Gateway during stress test,Application memory usage increases steadily over time under load testing conditions.,MobileApp-iOS,Production,Ubuntu 22.04,Firefox 122,Critical,P3,Resolved,Cache Leak,469,1329,18.11,False,False,413,449,Unclosed file streams,2023-04-27,2023-05-07
0ad525d3-f233-4fbc-9cbb-730d760ee015,Memory leak detected in MobileApp-iOS during stress test,Application memory usage increases steadily over time under load testing conditions.,ML-Service,Production,Android 13,N/A,High,P3,Closed,Thread Leak,157,630,32.52,True,True,48,93,Circular dependency in service layer,2023-03-23,2023-04-03
6956ff23-77e6-4912-9712-898a5b8079a0,Memory leak detected in MobileApp-iOS during stress test,Application memory usage increases steadily over time under load testing conditions.,ML-Service,Staging,Ubuntu 22.04,Firefox 122,Critical,P4,Resolved,Thread Leak,234,3814,26.14,True,False,116,454,Unreleased object references,2023-11-03,2023-11-25
20eda0e0-7c65-42e4-aac1-caa88d8b5e6f,Memory leak detected in Data-Pipeline during stress test,Application memory usage increases steadily over time under load testing conditions.,MobileApp-Android,Development,Windows 11,Safari 17,Medium,P3,Open,File Handle Leak,113,2742,76.7,True,True,440,627,Unbounded caching mechanism,2023-05-06,2023-05-28
ad449176-3eac-4246-95ae-5eb1b098bb54,Memory leak detected in ML-Service during stress test,Application memory usage increases steadily over time under load testing conditions.,ML-Service,Staging,Android 13,N/A,Critical,P2,Resolved,File Handle Leak,198,5153,64.79,False,False,187,922,Improper event listener cleanup,2023-08-13,2023-08-31
18f0be90-36df-4642-8b4a-4a3502bb3683,Memory leak detected in Data-Pipeline during stress test,Application memory usage increases steadily over time under load testing conditions.,MobileApp-Android,Production,macOS Ventura,Firefox 122,Low,P1,Resolved,Heap Leak,168,6178,51.64,True,False,368,719,Circular dependency in service layer,2023-06-13,2023-06-16
e15d1b31-bfea-42a1-895a-107b2521f4e5,Memory leak detected in WebApp-Core during stress test,Application memory usage increases steadily over time under load testing conditions.,API-Gateway,Production,Ubuntu 22.04,Safari 17,Critical,P4,In Progress,Heap Leak,237,4311,88.27,False,True,459,356,Unbounded caching mechanism,2023-10-11,2023-10-19
4f13c576-2571-48bb-93ae-378a092eea06,Memory leak detected in Data-Pipeline during stress test,Application memory usage increases steadily over time under load testing conditions.,MobileApp-iOS,Production,Ubuntu 20.04,Chrome 121,Critical,P1,In Progress,Cache Leak,281,6087,14.48,True,False,159,552,Circular dependency in service layer,2023-12-28,
4e11d27e-9a40-4640-a143-cade7917b313,Memory leak detected in MobileApp-Android during stress test,Application memory usage increases steadily over time under load testing conditions.,ML-Service,Production,macOS Ventura,Edge 120,Low,P4,Resolved,Thread Leak,360,5168,142.21,True,True,315,66,Thread pool mismanagement,2023-12-12,2023-12-20
5fa16a55-d84a-4dc0-aae4-2cfc4b149fbe,Memory leak detected in MobileApp-Android during stress test,Application memory usage increases steadily over time under load testing conditions.,MobileApp-Android,Development,Android 13,Safari 17,Low,P2,Open,Heap Leak,227,2094,147.07,False,False,413,418,Unbounded caching mechanism,2023-07-31,2023-08-24
4108df07-a72c-4f5e-94bd-990fde277dc2,Memory leak detected in MobileApp-iOS during stress test,Application memory usage increases steadily over time under load testing conditions.,MobileApp-Android,Production,Ubuntu 22.04,Edge 120,Critical,P4,In Progress,File Handle Leak,193,3312,18.9,False,True,117,360,Circular dependency in service layer,2023-12-23,2024-01-20
182e1879-9648-4cbf-8ae3-f3da784718e4,Memory leak detected in MobileApp-iOS during stress test,Application memory usage increases steadily over time under load testing conditions.,WebApp-Core,Production,Windows 10,N/A,Low,P2,Open,GPU Memory Leak,484,4200,18.63,True,True,3,335,Unbounded caching mechanism,2023-11-21,
33ecc6d5-bfa4-4900-8964-ffd3dd2695e9,Memory leak detected in WebApp-Core during stress test,Application memory usage increases steadily over time under load testing conditions.,MobileApp-Android,Development,Android 13,N/A,Critical,P3,In Progress,File Handle Leak,390,7914,86.69,True,True,308,384,Thread pool mismanagement,2023-06-06,
d9936fa0-f242-4094-9ba5-849bf3c10026,Memory leak detected in MobileApp-Android during stress test,Application memory usage increases steadily over time under load testing conditions.,API-Gateway,Development,macOS Ventura,Chrome 121,Low,P2,Resolved,Heap Leak,495,7430,30.74,False,True,303,531,Improper event listener cleanup,2023-04-01,2023-04-24
58b8eb5d-6077-4a6b-88b6-33bbbaf6d3e9,Memory leak detected in API-Gateway during stress test,Application memory usage increases steadily over time under load testing conditions.,Data-Pipeline,Production,iOS 17,Safari 17,Critical,P4,Open,File Handle Leak,413,1771,138.4,True,False,73,246,Unbounded caching mechanism,2023-02-21,2023-03-13
0fa23965-804c-447d-8f60-25d31d1fde66,Memory leak detected in API-Gateway during stress test,Application memory usage increases steadily over time under load testing conditions.,Data-Pipeline,Production,iOS 17,N/A,Low,P4,Resolved,Thread Leak,130,3435,137.91,False,True,145,329,Improper event listener cleanup,2023-04-07,2023-04-09
0d4809b3-3210-43bb-928e-57a0e85ef3a0,Memory leak detected in API-Gateway during stress test,Application memory usage increases steadily over time under load testing conditions.,WebApp-Core,Staging,Windows 10,Safari 17,Low,P2,Closed,Thread Leak,318,5630,63.61,False,False,255,806,Unclosed file streams,2023-08-18,2023-08-28
a1ced1ad-a9aa-4ea9-a3f5-859b33a35b90,Memory leak detected in WebApp-Core during stress test,Application memory usage increases steadily over time under load testing conditions.,MobileApp-iOS,Production,Android 13,N/A,Medium,P2,Open,Thread Leak,121,7309,32.27,True,True,495,311,Unbounded caching mechanism,2023-12-17,2024-01-03
4c554e00-a02c-4105-ad34-453427638a1c,Memory leak detected in Data-Pipeline during stress test,Application memory usage increases steadily over time under load testing conditions.,ML-Service,Production,iOS 17,Firefox 122,High,P4,In Progress,Heap Leak,450,929,131.69,False,True,457,227,Circular dependency in service layer,2023-04-07,2023-04-25
71aaca53-642a-4b30-b8c2-5e006ee10a5d,Memory leak detected in Data-Pipeline during stress test,Application memory usage increases steadily over time under load testing conditions.,ML-Service,Development,Windows 10,Safari 17,Medium,P4,Resolved,Heap Leak,353,2167,34.98,True,False,91,400,Improper event listener cleanup,2023-06-13,
ae581ca7-db86-4cbf-a16e-6c43d08da331,Memory leak detected in MobileApp-Android during stress test,Application memory usage increases steadily over time under load testing conditions.,ML-Service,Production,Ubuntu 20.04,Safari 17,High,P3,Resolved,Cache Leak,179,866,25.54,True,False,422,424,Unbounded caching mechanism,2023-07-10,2023-07-23
d5798761-72b0-4315-92d4-e8d7bff05cc3,Memory leak detected in ML-Service during stress test,Application memory usage increases steadily over time under load testing conditions.,WebApp-Core,Production,Android 13,Safari 17,Low,P1,In Progress,GPU Memory Leak,498,7190,75.79,True,True,60,163,Unbounded caching mechanism,2023-05-23,2023-05-30
8cac933c-7e6d-44ff-a4aa-5cd8a5c101e8,Memory leak detected in MobileApp-iOS during stress test,Application memory usage increases steadily over time under load testing conditions.,Data-Pipeline,Production,Android 13,Safari 17,High,P2,Resolved,Thread Leak,185,3181,141.81,False,True,390,123,Unbounded caching mechanism,2023-02-04,
ad918649-efaf-48fb-94aa-bf5910460901,Memory leak detected in ML-Service during stress test,Application memory usage increases steadily over time under load testing conditions.,WebApp-Core,Staging,Ubuntu 22.04,Chrome 121,Low,P3,Open,Cache Leak,354,7434,34.11,True,True,391,711,Unreleased object references,2023-04-14,2023-05-02
101836a7-7a2e-4385-8c80-aa845c43f812,Memory leak detected in ML-Service during stress test,Application memory usage increases steadily over time under load testing conditions.,WebApp-Core,Production,macOS Ventura,Firefox 122,Medium,P2,Open,Thread Leak,478,4088,25.7,True,True,175,881,Unclosed file streams,2023-05-04,2023-05-16
7bc8048a-4da3-44d9-abc3-e3be4c231e35,Memory leak detected in API-Gateway during stress test,Application memory usage increases steadily over time under load testing conditions.,MobileApp-Android,Staging,macOS Ventura,Chrome 121,Medium,P3,In Progress,File Handle Leak,429,7885,13.18,False,True,447,452,Unreleased object references,2023-03-31,2023-04-07
b5dbe8d1-0377-47fd-9c47-01869da9d89c,Memory leak detected in MobileApp-iOS during stress test,Application memory usage increases steadily over time under load testing conditions.,WebApp-Core,Development,Android 13,Chrome 121,Critical,P4,In Progress,File Handle Leak,182,5061,25.79,False,True,74,924,Unreleased object references,2023-05-06,2023-05-16
6dda6293-b582-4107-8953-0722c9c0e573,Memory leak detected in API-Gateway during stress test,Application memory usage increases steadily over time under load testing conditions.,ML-Service,Development,iOS 17,Firefox 122,Low,P4,Open,Cache Leak,388,528,13.47,False,False,352,631,Unbounded caching mechanism,2023-12-17,2023-12-30
652ac01b-98c7-469d-a0ce-0e7c17e81130,Memory leak detected in MobileApp-iOS during stress test,Application memory usage increases steadily over time under load testing conditions.,Data-Pipeline,Staging,Ubuntu 22.04,Firefox 122,Critical,P2,In Progress,GPU Memory Leak,351,6094,93.83,False,True,494,991,Unbounded caching mechanism,2023-08-19,2023-08-27
b79bcbd9-1382-4b19-8ccc-8566a9e3b4bb,Memory leak detected in MobileApp-iOS during stress test,Application memory usage increases steadily over time under load testing conditions.,MobileApp-Android,Development,Ubuntu 22.04,Safari 17,Medium,P1,In Progress,File Handle Leak,110,6562,67.6,True,False,216,905,Unbounded caching mechanism,2023-05-12,2023-05-24
b4f8e669-302a-496b-aa96-312cee281be4,Memory leak detected in MobileApp-iOS during stress test,Application memory usage increases steadily over time under load testing conditions.,Data-Pipeline,Staging,Windows 11,N/A,Medium,P3,In Progress,GPU Memory Leak,337,3682,57.72,True,False,461,475,Thread pool mismanagement,2023-08-24,2023-09-08
d3ed818c-6f61-4f15-993d-b17a8d9b7c64,Memory leak detected in WebApp-Core during stress test,Application memory usage increases steadily over time under load testing conditions.,ML-Service,Production,Ubuntu 22.04,Edge 120,Critical,P4,In Progress,GPU Memory Leak,301,2249,25.49,False,True,338,394,Thread pool mismanagement,2023-07-29,2023-08-08
2a698a3b-c89d-4da7-a040-9a42ae497742,Memory leak detected in API-Gateway during stress test,Application memory usage increases steadily over time under load testing conditions.,ML-Service,Production,Windows 11,Edge 120,Medium,P1,In Progress,GPU Memory Leak,112,4128,105.63,False,False,240,252,Circular dependency in service layer,2023-08-10,
a9a7bac9-d74e-41ff-b4ab-c18eb42f564c,Memory leak detected in ML-Service during stress test,Application memory usage increases steadily over time under load testing conditions.,ML-Service,Production,Android 13,Chrome 121,Low,P4,Open,Heap Leak,412,3090,140.29,True,True,170,874,Unreleased object references,2023-03-08,2023-03-24
a09e9871-5f46-44cb-8e46-f9ccefae5b89,Memory leak detected in MobileApp-Android during stress test,Application memory usage increases steadily over time under load testing conditions.,MobileApp-iOS,Development,Ubuntu 20.04,N/A,High,P1,Closed,File Handle Leak,480,2163,26.84,True,False,156,104,Thread pool mismanagement,2023-06-10,2023-06-22
a6d9fb34-dec5-4a4c-85e7-fa76b896ddb4,Memory leak detected in ML-Service during stress test,Application memory usage increases steadily over time under load testing conditions.,API-Gateway,Development,macOS Ventura,N/A,Critical,P2,In Progress,Heap Leak,312,1837,22.17,True,False,50,774,Unreleased object references,2023-03-23,2023-03-28
02e7682f-8d42-42cc-8444-d91dedb94e5d,Memory leak detected in WebApp-Core during stress test,Application memory usage increases steadily over time under load testing conditions.,ML-Service,Production,iOS 17,Edge 120,Critical,P3,Closed,Heap Leak,344,3607,29.72,False,False,454,348,Unreleased object references,2023-03-11,2023-03-27
260c3d32-23f4-4ca4-99fb-4fafe30f8cb7,Memory leak detected in API-Gateway during stress test,Application memory usage increases steadily over time under load testing conditions.,MobileApp-Android,Development,iOS 17,Firefox 122,High,P2,Open,File Handle Leak,419,1605,48.52,False,True,319,913,Thread pool mismanagement,2023-07-09,
45ed41be-61ec-4c66-9318-1cb78b54168e,Memory leak detected in MobileApp-iOS during stress test,Application memory usage increases steadily over time under load testing conditions.,ML-Service,Development,Ubuntu 22.04,Edge 120,Medium,P4,In Progress,File Handle Leak,229,7473,32.84,False,False,222,346,Unreleased object references,2023-08-02,2023-08-14
8ffe5072-d8a8-4e06-b6b7-79dc0fe4f65a,Memory leak detected in MobileApp-iOS during stress test,Application memory usage increases steadily over time under load testing conditions.,ML-Service,Development,Windows 11,N/A,Low,P4,Resolved,Cache Leak,334,5879,100.61,True,False,195,398,Unreleased object references,2023-05-20,2023-06-14
026e0b48-dede-4d3f-9a9e-0849e03e3b9d,Memory leak detected in ML-Service during stress test,Application memory usage increases steadily over time under load testing conditions.,API-Gateway,Staging,Android 13,Edge 120,Medium,P2,Resolved,Thread Leak,271,3573,58.19,True,False,145,274,Unreleased object references,2023-12-22,2024-01-14
da29acb8-e795-4f53-97e9-a969e01acf98,Memory leak detected in ML-Service during stress test,Application memory usage increases steadily over time under load testing conditions.,WebApp-Core,Development,iOS 17,Firefox 122,Low,P3,Open,GPU Memory Leak,441,7098,137.43,False,True,79,586,Improper event listener cleanup,2023-08-19,2023-08-22
8baf5538-083c-4d0f-af5c-3d92307216ba,Memory leak detected in MobileApp-iOS during stress test,Application memory usage increases steadily over time under load testing conditions.,ML-Service,Development,Windows 11,N/A,Critical,P2,Open,Thread Leak,106,6423,111.79,True,True,361,143,Improper event listener cleanup,2023-02-14,2023-02-15
fb9df1c8-f09a-4544-876c-f5bd5f337f53,Memory leak detected in Data-Pipeline during stress test,Application memory usage increases steadily over time under load testing conditions.,MobileApp-Android,Development,Windows 10,Chrome 121,Critical,P2,In Progress,Cache Leak,146,6383,5.56,True,False,310,724,Improper event listener cleanup,2023-02-11,
57f4028b-4364-4723-b895-53a31fc8db46,Memory leak detected in ML-Service during stress test,Application memory usage increases steadily over time under load testing conditions.,WebApp-Core,Development,Windows 11,Firefox 122,High,P3,In Progress,Heap Leak,131,5348,69.16,True,True,96,869,Unclosed file streams,2023-08-29,2023-09-20
5db95881-f2f7-41fc-90ad-8fc0869f1d1e,Memory leak detected in API-Gateway during stress test,Application memory usage increases steadily over time under load testing conditions.,ML-Service,Production,Ubuntu 20.04,Firefox 122,Critical,P2,Resolved,GPU Memory Leak,403,5704,48.02,True,False,145,773,Improper event listener cleanup,2023-04-27,
26b916b3-60b9-4cb1-b735-726e87c42a23,Memory leak detected in WebApp-Core during stress test,Application memory usage increases steadily over time under load testing conditions.,ML-Service,Staging,Windows 10,Safari 17,Low,P4,Resolved,Thread Leak,276,4546,135.89,False,True,292,269,Circular dependency in service layer,2023-02-03,
1a847617-1576-4b35-a15d-3e635678f1ae,Memory leak detected in MobileApp-iOS during stress test,Application memory usage increases steadily over time under load testing conditions.,API-Gateway,Staging,macOS Ventura,Firefox 122,Medium,P3,Open,File Handle Leak,345,7143,58.71,False,False,451,473,Unclosed file streams,2023-06-13,2023-07-07
515610d2-4e0d-4e19-b076-80fd8f0d155d,Memory leak detected in Data-Pipeline during stress test,Application memory usage increases steadily over time under load testing conditions.,API-Gateway,Staging,Windows 10,Firefox 122,High,P1,In Progress,Cache Leak,331,4304,27.14,False,True,223,811,Circular dependency in service layer,2023-07-26,2023-08-24
8c093e7e-b43d-4398-b595-ec6d2c7cddcd,Memory leak detected in API-Gateway during stress test,Application memory usage increases steadily over time under load testing conditions.,API-Gateway,Development,Ubuntu 20.04,Edge 120,Medium,P4,Closed,Cache Leak,211,2006,18.75,True,False,425,979,Thread pool mismanagement,2023-03-30,
daeda06f-66cf-429e-8425-099efff16db2,Memory leak detected in API-Gateway during stress test,Application memory usage increases steadily over time under load testing conditions.,MobileApp-Android,Staging,Android 13,Chrome 121,High,P4,Open,File Handle Leak,470,5471,77.37,False,False,73,241,Thread pool mismanagement,2023-05-23,2023-06-08
d3f6c310-85f4-4a40-b583-72104d63c5dc,Memory leak detected in Data-Pipeline during stress test,Application memory usage increases steadily over time under load testing conditions.,MobileApp-Android,Staging,Android 13,Edge 120,Critical,P4,In Progress,Thread Leak,106,4518,143.74,False,False,372,383,Circular dependency in service layer,2023-09-11,2023-09-25
3be7e16a-3a81-4acd-b144-075b87d68eb2,Memory leak detected in API-Gateway during stress test,Application memory usage increases steadily over time under load testing conditions.,MobileApp-Android,Development,Ubuntu 20.04,Firefox 122,High,P1,Resolved,Thread Leak,109,1017,69.83,False,False,358,200,Improper event listener cleanup,2023-03-07,2023-03-23
2f63df64-3501-4d76-9f82-2278732e4862,Memory leak detected in ML-Service during stress test,Application memory usage increases steadily over time under load testing conditions.,MobileApp-Android,Development,Ubuntu 22.04,N/A,Critical,P4,Resolved,Thread Leak,217,7966,107.68,True,False,385,152,Thread pool mismanagement,2023-06-14,2023-07-03
29fb2a26-ab6d-4567-ad36-289282819a1d,Memory leak detected in Data-Pipeline during stress test,Application memory usage increases steadily over time under load testing conditions.,MobileApp-iOS,Development,Ubuntu 22.04,Safari 17,Medium,P2,In Progress,File Handle Leak,336,4521,92.38,True,False,127,229,Circular dependency in service layer,2023-06-14,
12f4182f-ac0d-4a85-b2cf-c48441cae6d2,Memory leak detected in MobileApp-iOS during stress test,Application memory usage increases steadily over time under load testing conditions.,MobileApp-iOS,Staging,Ubuntu 20.04,N/A,Medium,P3,Open,File Handle Leak,347,5584,86.47,True,True,269,819,Thread pool mismanagement,2023-01-02,2023-01-29
d3b2a1a3-5891-449f-bee6-e79ce5fd043b,Memory leak detected in WebApp-Core during stress test,Application memory usage increases steadily over time under load testing conditions.,MobileApp-iOS,Staging,Windows 11,Firefox 122,High,P4,Open,Cache Leak,458,3965,123.7,True,False,239,795,Improper event listener cleanup,2023-05-25,2023-06-07
c2213105-ae8e-40d7-a27f-2b6a1e16fb0b,Memory leak detected in MobileApp-iOS during stress test,Application memory usage increases steadily over time under load testing conditions.,WebApp-Core,Staging,Ubuntu 22.04,Edge 120,Medium,P1,Resolved,GPU Memory Leak,404,1785,69.4,True,False,490,18,Unreleased object references,2023-08-17,2023-09-04
3bb63c36-9d60-420d-8f33-56b282114153,Memory leak detected in Data-Pipeline during stress test,Application memory usage increases steadily over time under load testing conditions.,API-Gateway,Production,Windows 10,Safari 17,High,P1,In Progress,File Handle Leak,288,4408,25.55,True,False,166,580,Thread pool mismanagement,2023-01-27,2023-02-14
4598e90e-35b1-4105-9f72-26a8d82705a8,Memory leak detected in API-Gateway during stress test,Application memory usage increases steadily over time under load testing conditions.,WebApp-Core,Development,Windows 11,Firefox 122,Low,P3,In Progress,Heap Leak,467,6420,108.48,False,False,174,84,Unbounded caching mechanism,2023-01-21,2023-01-23
2ee5b5f6-dde6-4bd4-817f-c1244567d96b,Memory leak detected in API-Gateway during stress test,Application memory usage increases steadily over time under load testing conditions.,Data-Pipeline,Staging,Android 13,Firefox 122,Low,P3,Closed,GPU Memory Leak,379,3781,14.01,True,False,117,246,Unreleased object references,2023-06-25,2023-07-11
7b918d87-c148-4edd-8085-155056e4364a,Memory leak detected in MobileApp-Android during stress test,Application memory usage increases steadily over time under load testing conditions.,API-Gateway,Development,Windows 10,Firefox 122,Medium,P3,In Progress,Thread Leak,429,929,127.22,False,False,199,775,Circular dependency in service layer,2023-11-27,2023-11-28
310497eb-0c11-41d8-b6d5-0d9dba13ffa3,Memory leak detected in Data-Pipeline during stress test,Application memory usage increases steadily over time under load testing conditions.,Data-Pipeline,Production,Ubuntu 22.04,N/A,Low,P4,In Progress,Thread Leak,248,6771,76.37,True,True,118,597,Unbounded caching mechanism,2023-12-10,2023-12-27
b4312660-f56c-44f4-957e-66ebbfdf9a5f,Memory leak detected in MobileApp-Android during stress test,Application memory usage increases steadily over time under load testing conditions.,API-Gateway,Development,Windows 11,N/A,Low,P2,Resolved,Thread Leak,288,5264,78.83,False,False,82,855,Improper event listener cleanup,2023-01-04,2023-01-07
ae8a14cc-25f6-45d2-9aeb-1081b0150dea,Memory leak detected in Data-Pipeline during stress test,Application memory usage increases steadily over time under load testing conditions.,MobileApp-iOS,Staging,Windows 10,Safari 17,Critical,P3,In Progress,Heap Leak,233,3179,61.93,True,False,412,110,Circular dependency in service layer,2023-11-08,2023-11-15
1e3e02b2-bcea-4b4f-898a-82f25cfe1720,Memory leak detected in Data-Pipeline during stress test,Application memory usage increases steadily over time under load testing conditions.,Data-Pipeline,Development,macOS Ventura,Edge 120,High,P1,Open,GPU Memory Leak,482,6526,48.3,False,True,262,25,Unclosed file streams,2023-04-16,2023-05-05
ca1bdd58-e1fb-4198-bff2-34208ce9c1a1,Memory leak detected in Data-Pipeline during stress test,Application memory usage increases steadily over time under load testing conditions.,API-Gateway,Production,Ubuntu 20.04,Safari 17,Critical,P3,Closed,Cache Leak,270,7548,34.92,False,True,40,632,Unreleased object references,2023-01-07,2023-01-13
b7dc3536-87e1-486d-9997-fe0836eb33a0,Memory leak detected in WebApp-Core during stress test,Application memory usage increases steadily over time under load testing conditions.,MobileApp-iOS,Staging,Ubuntu 22.04,N/A,Medium,P4,Open,File Handle Leak,105,909,142.28,True,True,498,434,Circular dependency in service layer,2023-01-01,2023-01-21
c58c1151-8e76-453a-9ed4-160b064ea89f,Memory leak detected in WebApp-Core during stress test,Application memory usage increases steadily over time under load testing conditions.,WebApp-Core,Staging,Windows 11,Edge 120,Critical,P3,Open,Heap Leak,434,3920,8.25,False,True,8,116,Unreleased object references,2023-07-10,
b364e878-15b2-4a55-80d9-097260d58596,Memory leak detected in MobileApp-iOS during stress test,Application memory usage increases steadily over time under load testing conditions.,WebApp-Core,Production,macOS Ventura,Safari 17,Low,P3,In Progress,Heap Leak,455,5249,85.83,False,False,16,39,Unbounded caching mechanism,2023-05-01,2023-05-30
66c2807e-8c37-4cca-be30-eb8536dc79d6,Memory leak detected in WebApp-Core during stress test,Application memory usage increases steadily over time under load testing conditions.,Data-Pipeline,Development,iOS 17,Edge 120,High,P1,In Progress,File Handle Leak,106,1933,88.63,True,False,494,893,Improper event listener cleanup,2023-08-10,2023-08-24
d3a0a4fb-b718-47d7-8b5c-5b252a414e3f,Memory leak detected in ML-Service during stress test,Application memory usage increases steadily over time under load testing conditions.,API-Gateway,Production,Android 13,Safari 17,Medium,P4,Resolved,File Handle Leak,432,515,11.4,True,False,234,841,Unbounded caching mechanism,2023-05-01,2023-05-27
94d54770-3572-4aec-8d5b-fd9f3da8eec3,Memory leak detected in ML-Service during stress test,Application memory usage increases steadily over time under load testing conditions.,MobileApp-Android,Staging,Android 13,Edge 120,Critical,P3,Closed,File Handle Leak,290,5895,110.3,False,False,393,300,Improper event listener cleanup,2023-10-06,
24680849-7a55-487d-85e7-a663a54497c7,Memory leak detected in API-Gateway during stress test,Application memory usage increases steadily over time under load testing conditions.,WebApp-Core,Production,Ubuntu 20.04,Firefox 122,High,P2,Closed,Cache Leak,377,6035,64.13,True,True,176,519,Circular dependency in service layer,2023-12-11,2023-12-27
22c0602a-be09-4d36-a7e8-d9cfd6675a3c,Memory leak detected in ML-Service during stress test,Application memory usage increases steadily over time under load testing conditions.,MobileApp-Android,Development,iOS 17,Safari 17,Low,P1,Open,Thread Leak,481,5683,28.12,True,True,295,5,Unclosed file streams,2023-03-16,2023-04-03
5fcd4b81-40b6-44c8-9e3f-2bdc6c0010ef,Memory leak detected in MobileApp-iOS during stress test,Application memory usage increases steadily over time under load testing conditions.,API-Gateway,Development,Ubuntu 20.04,Edge 120,Critical,P1,In Progress,Thread Leak,216,6559,104.18,False,False,353,770,Unreleased object references,2023-10-09,2023-10-15
3a9217e4-93b3-4847-9cf4-a1043febda02,Memory leak detected in MobileApp-Android during stress test,Application memory usage increases steadily over time under load testing conditions.,Data-Pipeline,Development,iOS 17,N/A,Low,P1,In Progress,Heap Leak,455,1775,134.81,False,True,387,416,Unclosed file streams,2023-04-26,2023-05-11
f3adbab2-1893-40e7-8510-ad0852dbf8c1,Memory leak detected in WebApp-Core during stress test,Application memory usage increases steadily over time under load testing conditions.,MobileApp-iOS,Development,Windows 11,Firefox 122,Low,P4,Resolved,Cache Leak,197,7172,8.41,True,False,484,367,Circular dependency in service layer,2023-04-18,2023-04-22
a42b6ed9-c031-45de-a611-3d3d29e9fb48,Memory leak detected in MobileApp-iOS during stress test,Application memory usage increases steadily over time under load testing conditions.,MobileApp-Android,Staging,Ubuntu 22.04,N/A,Critical,P4,Closed,Heap Leak,253,5395,54.76,False,False,180,32,Unclosed file streams,2023-07-26,
22af03d3-101d-441f-a03a-e26d1305a1be,Memory leak detected in WebApp-Core during stress test,Application memory usage increases steadily over time under load testing conditions.,API-Gateway,Production,macOS Ventura,N/A,High,P1,Open,Cache Leak,485,3643,83.16,True,False,389,928,Unreleased object references,2023-12-25,2024-01-20
302eabc4-9353-4044-ac11-538766ac68fa,Memory leak detected in Data-Pipeline during stress test,Application memory usage increases steadily over time under load testing conditions.,Data-Pipeline,Development,Ubuntu 22.04,Safari 17,High,P3,Closed,Heap Leak,225,1179,110.02,False,False,283,796,Circular dependency in service layer,2023-09-01,2023-09-04
6f4c4a94-4925-44be-8656-885f1f14587a,Memory leak detected in ML-Service during stress test,Application memory usage increases steadily over time under load testing conditions.,Data-Pipeline,Development,macOS Ventura,Safari 17,Low,P3,Closed,File Handle Leak,105,1277,104.15,False,True,130,600,Unreleased object references,2023-08-20,2023-09-03
fbd63c0d-ae0e-45c8-9d52-b5182604138b,Memory leak detected in MobileApp-Android during stress test,Application memory usage increases steadily over time under load testing conditions.,WebApp-Core,Staging,macOS Ventura,Edge 120,Critical,P4,In Progress,Heap Leak,331,7891,47.54,True,False,249,256,Unreleased object references,2023-12-24,2023-12-30
efd288de-83f6-4364-85e0-65c026405c48,Memory leak detected in WebApp-Core during stress test,Application memory usage increases steadily over time under load testing conditions.,MobileApp-iOS,Development,Windows 11,Edge 120,Critical,P3,Closed,Heap Leak,190,5856,117.01,True,True,72,136,Circular dependency in service layer,2023-07-18,2023-08-13
15eebba3-cc79-481a-af45-003a3d9a6c7c,Memory leak detected in API-Gateway during stress test,Application memory usage increases steadily over time under load testing conditions.,WebApp-Core,Production,macOS Ventura,Edge 120,Low,P1,Closed,Heap Leak,287,4564,120.18,False,False,286,719,Unbounded caching mechanism,2023-11-06,2023-11-21
ae167113-3adf-4afc-be19-a3bfcf142aec,Memory leak detected in API-Gateway during stress test,Application memory usage increases steadily over time under load testing conditions.,ML-Service,Development,Windows 11,Chrome 121,Low,P3,Open,Thread Leak,440,2652,56.86,True,True,229,676,Thread pool mismanagement,2023-02-04,
b0fa7a65-3f79-49e7-81cb-3721153ee9c0,Memory leak detected in API-Gateway during stress test,Application memory usage increases steadily over time under load testing conditions.,WebApp-Core,Production,Windows 10,Firefox 122,Medium,P3,Resolved,GPU Memory Leak,436,1047,31.9,False,True,191,62,Thread pool mismanagement,2023-07-11,2023-07-27
07263d81-22f6-487f-b3bf-b5be499d853f,Memory leak detected in WebApp-Core during stress test,Application memory usage increases steadily over time under load testing conditions.,MobileApp-iOS,Development,Ubuntu 20.04,Firefox 122,Critical,P3,In Progress,Cache Leak,236,5955,89.91,False,False,110,102,Improper event listener cleanup,2023-01-07,
6de5d996-667c-4e16-9bf2-6bf754189827,Memory leak detected in MobileApp-Android during stress test,Application memory usage increases steadily over time under load testing conditions.,ML-Service,Development,iOS 17,Chrome 121,Critical,P4,In Progress,GPU Memory Leak,136,4935,26.19,False,False,481,231,Unclosed file streams,2023-07-18,2023-08-08
de21f84b-106b-45fa-b201-a01183570177,Memory leak detected in API-Gateway during stress test,Application memory usage increases steadily over time under load testing conditions.,WebApp-Core,Development,Android 13,Edge 120,Critical,P1,In Progress,GPU Memory Leak,121,4037,131.25,False,False,331,893,Circular dependency in service layer,2023-07-28,
e972e2e5-f939-4625-867f-05a2298472cb,Memory leak detected in API-Gateway during stress test,Application memory usage increases steadily over time under load testing conditions.,ML-Service,Development,Ubuntu 22.04,Chrome 121,Low,P3,Open,File Handle Leak,354,2856,117.1,False,False,144,476,Circular dependency in service layer,2023-03-22,2023-04-08
f60daac1-32c1-484d-811c-74ccc660bbee,Memory leak detected in API-Gateway during stress test,Application memory usage increases steadily over time under load testing conditions.,ML-Service,Staging,Ubuntu 22.04,N/A,Medium,P1,Resolved,Heap Leak,267,5458,138.3,False,False,273,530,Thread pool mismanagement,2023-06-24,2023-07-12
9bc1dbbd-7ad7-4816-89ab-66a477350d4b,Memory leak detected in MobileApp-iOS during stress test,Application memory usage increases steadily over time under load testing conditions.,ML-Service,Production,Windows 11,Edge 120,High,P3,In Progress,File Handle Leak,237,5653,140.45,False,True,423,344,Thread pool mismanagement,2023-11-20,
4612a58c-02e3-498b-9252-b9b23f07bda1,Memory leak detected in MobileApp-Android during stress test,Application memory usage increases steadily over time under load testing conditions.,ML-Service,Development,iOS 17,Edge 120,Medium,P2,Resolved,GPU Memory Leak,317,5396,102.1,False,True,61,742,Circular dependency in service layer,2023-12-13,2023-12-22
9176cd2c-04e1-496f-933b-78363c866274,Memory leak detected in MobileApp-Android during stress test,Application memory usage increases steadily over time under load testing conditions.,Data-Pipeline,Staging,Ubuntu 20.04,Firefox 122,Critical,P1,Resolved,Thread Leak,424,5399,125.41,False,False,75,261,Thread pool mismanagement,2023-05-30,2023-06-06
6ed78b0c-93b6-48ad-8b0b-e78b6d56b6c7,Memory leak detected in WebApp-Core during stress test,Application memory usage increases steadily over time under load testing conditions.,WebApp-Core,Development,iOS 17,Edge 120,Critical,P1,Resolved,Thread Leak,381,7161,147.66,False,True,137,53,Unbounded caching mechanism,2023-02-06,2023-02-19
ebd519b2-524f-4427-8b82-8579f51bc76c,Memory leak detected in MobileApp-iOS during stress test,Application memory usage increases steadily over time under load testing conditions.,WebApp-Core,Development,Windows 11,Chrome 121,High,P4,Open,Heap Leak,343,1385,68.39,False,True,281,549,Unclosed file streams,2023-11-18,2023-12-08
e0a0bea6-9846-4065-ab2f-23f695cbb60b,Memory leak detected in WebApp-Core during stress test,Application memory usage increases steadily over time under load testing conditions.,Data-Pipeline,Production,Windows 10,Chrome 121,Low,P2,Resolved,File Handle Leak,451,6586,66.37,False,True,119,226,Thread pool mismanagement,2023-03-07,2023-04-06
bef29458-26ef-40c0-9f8e-c1b8d6c6a916,Memory leak detected in MobileApp-Android during stress test,Application memory usage increases steadily over time under load testing conditions.,WebApp-Core,Production,macOS Ventura,Edge 120,Medium,P3,Closed,GPU Memory Leak,281,5027,126.91,True,True,47,585,Circular dependency in service layer,2023-11-06,2023-11-15
19883d55-9702-4424-9386-1fd47bf0e73a,Memory leak detected in MobileApp-Android during stress test,Application memory usage increases steadily over time under load testing conditions.,API-Gateway,Development,Windows 11,Safari 17,Medium,P3,In Progress,File Handle Leak,348,7131,23.06,True,True,123,688,Unclosed file streams,2023-11-11,2023-11-20
1a585541-c230-4ad8-b928-999c2ec36d4c,Memory leak detected in MobileApp-Android during stress test,Application memory usage increases steadily over time under load testing conditions.,WebApp-Core,Development,Ubuntu 22.04,Safari 17,Critical,P3,Closed,Thread Leak,297,7459,69.69,False,True,278,784,Unclosed file streams,2023-08-11,2023-08-31
ff25f070-f15d-4542-99c6-bf99cc61bda5,Memory leak detected in WebApp-Core during stress test,Application memory usage increases steadily over time under load testing conditions.,API-Gateway,Production,macOS Ventura,Safari 17,Critical,P3,Resolved,GPU Memory Leak,368,4077,54.63,True,False,87,807,Unbounded caching mechanism,2023-04-16,2023-05-02
96ffe5e7-f15f-4ec0-8b05-5b53344626da,Memory leak detected in MobileApp-iOS during stress test,Application memory usage increases steadily over time under load testing conditions.,MobileApp-Android,Staging,macOS Ventura,Safari 17,Low,P3,Open,Cache Leak,240,3818,41.07,True,False,293,354,Unclosed file streams,2023-04-17,2023-04-29
f746ed04-1e2b-48cd-a9e5-6bb451a2e6c7,Memory leak detected in API-Gateway during stress test,Application memory usage increases steadily over time under load testing conditions.,WebApp-Core,Staging,Ubuntu 20.04,Edge 120,Medium,P2,Resolved,File Handle Leak,470,4074,69.57,False,True,87,225,Thread pool mismanagement,2023-07-15,
51ad7a17-9c35-4509-8761-082d7204a821,Memory leak detected in API-Gateway during stress test,Application memory usage increases steadily over time under load testing conditions.,MobileApp-iOS,Development,iOS 17,Firefox 122,Low,P3,Open,Thread Leak,200,7136,127.66,True,False,41,538,Unclosed file streams,2023-11-27,2023-12-14
60b9e021-fd2e-4438-b648-6d0da9092ceb,Memory leak detected in MobileApp-Android during stress test,Application memory usage increases steadily over time under load testing conditions.,MobileApp-Android,Staging,Ubuntu 20.04,Firefox 122,Low,P3,Open,Thread Leak,323,1660,45.38,True,True,148,562,Unbounded caching mechanism,2023-08-20,
4c889d49-87c4-4793-9a0d-ec82b9e70086,Memory leak detected in WebApp-Core during stress test,Application memory usage increases steadily over time under load testing conditions.,WebApp-Core,Development,Ubuntu 20.04,Firefox 122,Low,P1,Resolved,GPU Memory Leak,200,640,92.38,True,True,126,806,Unreleased object references,2023-08-05,2023-08-13
c7b77119-07ac-469e-a104-668aadf1c07e,Memory leak detected in ML-Service during stress test,Application memory usage increases steadily over time under load testing conditions.,ML-Service,Development,Ubuntu 22.04,Firefox 122,Medium,P4,Closed,GPU Memory Leak,362,2730,122.93,True,True,442,624,Unclosed file streams,2023-06-16,2023-07-11
2f70fbd3-0aae-4511-9e2b-dd8b1d49701d,Memory leak detected in WebApp-Core during stress test,Application memory usage increases steadily over time under load testing conditions.,Data-Pipeline,Development,Windows 11,N/A,Low,P4,Closed,GPU Memory Leak,332,2513,30.4,True,False,236,542,Unbounded caching mechanism,2023-10-21,2023-11-05
700329c4-653d-4339-8419-0508038e9d52,Memory leak detected in ML-Service during stress test,Application memory usage increases steadily over time under load testing conditions.,API-Gateway,Production,macOS Ventura,Edge 120,Critical,P2,Closed,GPU Memory Leak,471,4935,63.57,False,True,413,38,Improper event listener cleanup,2023-12-13,2023-12-31
1d8a8af9-b371-41f0-b1c8-c2af66ea38d6,Memory leak detected in API-Gateway during stress test,Application memory usage increases steadily over time under load testing conditions.,API-Gateway,Staging,Ubuntu 20.04,Edge 120,Low,P2,Closed,GPU Memory Leak,252,7397,21.75,True,True,223,794,Circular dependency in service layer,2023-02-07,2023-02-19
93ccd859-6f0f-4117-b2f3-bd304733df78,Memory leak detected in Data-Pipeline during stress test,Application memory usage increases steadily over time under load testing conditions.,MobileApp-iOS,Staging,Windows 11,Firefox 122,Low,P3,Closed,File Handle Leak,488,6975,113.64,False,False,239,730,Unbounded caching mechanism,2023-03-17,2023-04-05
31ef9c54-7071-4465-97e6-a29162a0ed3f,Memory leak detected in MobileApp-Android during stress test,Application memory usage increases steadily over time under load testing conditions.,MobileApp-Android,Production,Windows 10,Edge 120,High,P4,Resolved,Cache Leak,312,1568,144.14,False,False,40,613,Unclosed file streams,2023-07-10,2023-07-25
682c33cd-354e-4dc0-925b-d64694209d52,Memory leak detected in API-Gateway during stress test,Application memory usage increases steadily over time under load testing conditions.,WebApp-Core,Staging,Ubuntu 20.04,Firefox 122,High,P3,Open,Heap Leak,120,4408,140.43,True,False,31,26,Thread pool mismanagement,2023-07-01,2023-07-19
5aab6adc-2694-44b7-a8a0-7d092e4b9c00,Memory leak detected in ML-Service during stress test,Application memory usage increases steadily over time under load testing conditions.,API-Gateway,Staging,macOS Ventura,Edge 120,High,P2,Open,Thread Leak,329,697,63.49,True,False,389,500,Unbounded caching mechanism,2023-04-22,2023-05-04
5d526018-9ec8-4aa0-ac36-54ba7f4ebff1,Memory leak detected in ML-Service during stress test,Application memory usage increases steadily over time under load testing conditions.,ML-Service,Development,Windows 11,Safari 17,High,P1,Resolved,GPU Memory Leak,380,6884,110.66,True,True,48,632,Unbounded caching mechanism,2023-09-21,
7a0a1c63-57a0-4ba3-a688-0dfa48276add,Memory leak detected in MobileApp-Android during stress test,Application memory usage increases steadily over time under load testing conditions.,MobileApp-Android,Staging,macOS Ventura,Firefox 122,Critical,P3,Closed,Thread Leak,255,860,6.76,False,True,1,68,Improper event listener cleanup,2023-05-22,2023-05-24
fdebb096-8ec7-4618-b768-3ea91c43197a,Memory leak detected in MobileApp-Android during stress test,Application memory usage increases steadily over time under load testing conditions.,Data-Pipeline,Staging,Windows 10,Chrome 121,Critical,P2,Resolved,Cache Leak,133,6947,36.77,False,False,324,681,Unclosed file streams,2023-01-20,2023-02-05
ad72080d-9f41-4bc0-a6ce-7eee7a0aa7eb,Memory leak detected in Data-Pipeline during stress test,Application memory usage increases steadily over time under load testing conditions.,MobileApp-iOS,Production,iOS 17,Firefox 122,Medium,P4,Closed,Cache Leak,466,6086,90.52,False,False,482,522,Unclosed file streams,2023-09-27,
14c50964-bedb-488c-96b6-a7def28d24c6,Memory leak detected in MobileApp-iOS during stress test,Application memory usage increases steadily over time under load testing conditions.,WebApp-Core,Development,macOS Ventura,Firefox 122,Medium,P3,Closed,GPU Memory Leak,402,920,48.55,True,False,212,761,Unbounded caching mechanism,2023-09-13,2023-09-26
90832129-92dc-49c5-85e7-38f5f07b8c78,Memory leak detected in API-Gateway during stress test,Application memory usage increases steadily over time under load testing conditions.,Data-Pipeline,Development,iOS 17,Edge 120,Low,P1,Closed,Cache Leak,224,1164,28.55,True,False,243,32,Unclosed file streams,2023-08-03,2023-08-13
4fef054a-ad48-4fc9-9c7c-a1dce69d78d1,Memory leak detected in API-Gateway during stress test,Application memory usage increases steadily over time under load testing conditions.,API-Gateway,Production,Windows 11,Safari 17,Critical,P3,Resolved,GPU Memory Leak,349,2430,132.47,True,False,82,613,Unclosed file streams,2023-07-09,
e350fe06-b0af-47ab-90e4-464d1339e9f1,Memory leak detected in Data-Pipeline during stress test,Application memory usage increases steadily over time under load testing conditions.,WebApp-Core,Development,macOS Ventura,Safari 17,Critical,P4,In Progress,Heap Leak,142,1324,16.93,True,False,91,34,Improper event listener cleanup,2023-10-31,2023-11-03
6510311f-103d-4911-afc1-14653147f8b6,Memory leak detected in Data-Pipeline during stress test,Application memory usage increases steadily over time under load testing conditions.,MobileApp-iOS,Production,macOS Ventura,Chrome 121,Low,P3,Resolved,File Handle Leak,451,6060,138.12,True,True,299,85,Unreleased object references,2023-05-30,2023-06-11
f12566d7-cfea-4498-84e7-fe1de88e4827,Memory leak detected in API-Gateway during stress test,Application memory usage increases steadily over time under load testing conditions.,WebApp-Core,Staging,macOS Ventura,Edge 120,Low,P2,In Progress,Heap Leak,187,2074,135.07,False,False,81,659,Circular dependency in service layer,2023-11-11,
7269e7c7-27e2-4b66-85ce-f9a0ca9197f3,Memory leak detected in WebApp-Core during stress test,Application memory usage increases steadily over time under load testing conditions.,API-Gateway,Staging,Android 13,Firefox 122,Critical,P1,Resolved,Thread Leak,214,5468,104.91,False,False,335,723,Unbounded caching mechanism,2023-09-21,
5b5b7393-1bec-4453-a89f-b2a708541571,Memory leak detected in MobileApp-Android during stress test,Application memory usage increases steadily over time under load testing conditions.,MobileApp-Android,Staging,Windows 11,Firefox 122,Low,P4,Open,Thread Leak,258,7006,101.61,True,True,56,460,Improper event listener cleanup,2023-08-03,2023-08-11
5cebe54a-e9fe-4b6a-aeca-cbb4cebe1163,Memory leak detected in ML-Service during stress test,Application memory usage increases steadily over time under load testing conditions.,MobileApp-Android,Production,Ubuntu 22.04,Safari 17,Critical,P4,Resolved,GPU Memory Leak,270,6810,104.72,False,True,187,161,Unbounded caching mechanism,2023-03-18,2023-03-28
590052ed-55c9-4e0f-8ad2-dbcd3e14622e,Memory leak detected in API-Gateway during stress test,Application memory usage increases steadily over time under load testing conditions.,API-Gateway,Production,Ubuntu 22.04,Edge 120,Critical,P3,Resolved,Cache Leak,229,757,61.49,False,True,4,891,Improper event listener cleanup,2023-04-09,2023-04-11
722a0301-db93-4910-a1ef-81ecb515259c,Memory leak detected in MobileApp-Android during stress test,Application memory usage increases steadily over time under load testing conditions.,MobileApp-Android,Production,macOS Ventura,Safari 17,High,P3,In Progress,Cache Leak,271,7672,26.48,True,True,324,370,Circular dependency in service layer,2023-05-09,2023-05-25
a7ffea56-70ea-467d-82b1-ec5aac5ba027,Memory leak detected in ML-Service during stress test,Application memory usage increases steadily over time under load testing conditions.,MobileApp-Android,Development,Windows 11,Edge 120,High,P1,In Progress,Cache Leak,101,3262,20.17,True,False,494,737,Thread pool mismanagement,2023-06-25,2023-07-07
e4e8c77c-f772-47cf-8573-879e4ccedab0,Memory leak detected in WebApp-Core during stress test,Application memory usage increases steadily over time under load testing conditions.,API-Gateway,Production,Android 13,Chrome 121,Critical,P1,Closed,Thread Leak,122,4239,46.25,True,False,428,606,Improper event listener cleanup,2023-10-08,2023-11-02
f640ddd3-5e64-4b9d-af2a-9917f8528349,Memory leak detected in Data-Pipeline during stress test,Application memory usage increases steadily over time under load testing conditions.,ML-Service,Staging,Ubuntu 22.04,Edge 120,Low,P3,Open,GPU Memory Leak,119,5841,123.43,False,True,204,3,Unbounded caching mechanism,2023-08-19,2023-09-17
9bbcd833-1877-4b72-ac7a-50f2d8d2f1bf,Memory leak detected in ML-Service during stress test,Application memory usage increases steadily over time under load testing conditions.,API-Gateway,Development,macOS Ventura,Edge 120,Low,P1,In Progress,Thread Leak,240,7080,82.61,False,True,438,241,Unbounded caching mechanism,2023-01-25,2023-02-20
29c9a321-e535-4b60-9407-1c3bb643d35b,Memory leak detected in Data-Pipeline during stress test,Application memory usage increases steadily over time under load testing conditions.,API-Gateway,Development,Ubuntu 20.04,Firefox 122,Critical,P4,Open,GPU Memory Leak,435,4965,34.04,False,True,337,300,Circular dependency in service layer,2023-10-15,2023-10-21
91671a42-2757-4692-8a53-c5a05bb8c144,Memory leak detected in MobileApp-iOS during stress test,Application memory usage increases steadily over time under load testing conditions.,WebApp-Core,Staging,Ubuntu 20.04,N/A,Low,P4,In Progress,Heap Leak,204,3993,110.73,True,True,34,798,Unclosed file streams,2023-05-12,2023-06-10
a84cdfa6-2d94-4c4f-a795-3d519c2dd1cc,Memory leak detected in ML-Service during stress test,Application memory usage increases steadily over time under load testing conditions.,API-Gateway,Production,Windows 10,Safari 17,High,P4,Resolved,Heap Leak,272,4196,22.61,False,True,199,826,Improper event listener cleanup,2023-04-02,
fc638c31-c9c9-44de-86ca-73e58e6b1b7e,Memory leak detected in WebApp-Core during stress test,Application memory usage increases steadily over time under load testing conditions.,WebApp-Core,Development,Windows 11,Edge 120,Medium,P3,Closed,File Handle Leak,417,649,121.63,True,False,437,399,Unbounded caching mechanism,2023-10-07,2023-10-31
5eb0e72f-ec2e-4654-bc26-a74ece70ae68,Memory leak detected in MobileApp-Android during stress test,Application memory usage increases steadily over time under load testing conditions.,ML-Service,Production,Ubuntu 22.04,N/A,Low,P3,Closed,Thread Leak,306,7150,35.79,False,False,165,658,Unclosed file streams,2023-02-23,2023-03-20
60beaf3d-61fd-41b8-a5c0-b755f37a36f4,Memory leak detected in MobileApp-iOS during stress test,Application memory usage increases steadily over time under load testing conditions.,WebApp-Core,Production,Ubuntu 20.04,Edge 120,Critical,P4,Resolved,Cache Leak,196,4210,5.54,True,True,432,99,Thread pool mismanagement,2023-04-12,2023-04-14
8af01d26-7bb0-4e88-9b52-dc2db9f8a9af,Memory leak detected in ML-Service during stress test,Application memory usage increases steadily over time under load testing conditions.,ML-Service,Production,iOS 17,Edge 120,Low,P4,Resolved,GPU Memory Leak,169,5356,73.65,False,False,151,40,Unreleased object references,2023-09-24,2023-09-28
1700bbee-5566-4f2c-a3b4-65d20f43c96c,Memory leak detected in API-Gateway during stress test,Application memory usage increases steadily over time under load testing conditions.,MobileApp-Android,Staging,Ubuntu 20.04,Safari 17,Low,P2,Open,Cache Leak,456,1621,42.45,False,False,209,24,Unreleased object references,2023-01-29,2023-02-20
ade6c498-d6c0-4b74-8b23-6c7d9669eddf,Memory leak detected in ML-Service during stress test,Application memory usage increases steadily over time under load testing conditions.,ML-Service,Development,Ubuntu 20.04,Chrome 121,Low,P2,Resolved,File Handle Leak,170,1262,140.05,True,True,296,218,Thread pool mismanagement,2023-05-26,2023-06-18
d81361ba-1cd1-4c89-8d1c-3f6b5984ab91,Memory leak detected in ML-Service during stress test,Application memory usage increases steadily over time under load testing conditions.,WebApp-Core,Production,macOS Ventura,N/A,High,P2,Open,Cache Leak,489,3051,84.78,True,False,471,900,Unbounded caching mechanism,2023-02-10,2023-02-19
5ce6828f-b814-4d2d-b32f-b4ba303620c8,Memory leak detected in WebApp-Core during stress test,Application memory usage increases steadily over time under load testing conditions.,ML-Service,Development,Windows 10,Safari 17,Low,P1,Resolved,Cache Leak,126,6571,24.85,True,False,82,606,Thread pool mismanagement,2023-02-17,2023-02-26
77b67dcc-e08b-4653-a032-d06293e027d6,Memory leak detected in ML-Service during stress test,Application memory usage increases steadily over time under load testing conditions.,Data-Pipeline,Development,Android 13,Chrome 121,Critical,P3,In Progress,GPU Memory Leak,194,1879,99.03,True,False,3,698,Thread pool mismanagement,2023-05-07,
9e085938-0304-40b8-b82d-4b5f264a126e,Memory leak detected in MobileApp-Android during stress test,Application memory usage increases steadily over time under load testing conditions.,WebApp-Core,Staging,Windows 11,N/A,Critical,P3,Resolved,File Handle Leak,196,6859,76.43,True,False,499,605,Unbounded caching mechanism,2023-05-20,2023-06-13
978315eb-737b-468b-8e13-c4bc419a612f,Memory leak detected in MobileApp-iOS during stress test,Application memory usage increases steadily over time under load testing conditions.,Data-Pipeline,Production,Ubuntu 22.04,Chrome 121,Low,P1,In Progress,File Handle Leak,163,5549,107.5,True,True,417,657,Thread pool mismanagement,2023-10-24,2023-11-01
ebe8bc39-c408-44e3-a49d-8cc3390cd7f4,Memory leak detected in MobileApp-Android during stress test,Application memory usage increases steadily over time under load testing conditions.,Data-Pipeline,Development,Android 13,Chrome 121,Critical,P3,In Progress,File Handle Leak,464,1585,10.83,True,True,334,216,Circular dependency in service layer,2023-03-03,2023-03-11
633fc045-d95c-44b7-8e17-5c4ae29654f1,Memory leak detected in API-Gateway during stress test,Application memory usage increases steadily over time under load testing conditions.,MobileApp-Android,Development,Android 13,Chrome 121,High,P2,Closed,Cache Leak,154,3886,54.5,False,False,340,207,Circular dependency in service layer,2023-02-26,2023-02-27
06bb5f6d-43c5-4194-8603-e8259eba10dd,Memory leak detected in Data-Pipeline during stress test,Application memory usage increases steadily over time under load testing conditions.,MobileApp-Android,Staging,Ubuntu 22.04,Edge 120,Critical,P4,Resolved,Heap Leak,440,2040,129.43,False,False,82,63,Unreleased object references,2023-03-16,2023-03-28
fd0732df-8f4b-4c9d-b9bc-a91d84724fa4,Memory leak detected in MobileApp-Android during stress test,Application memory usage increases steadily over time under load testing conditions.,MobileApp-iOS,Staging,Windows 11,Safari 17,Low,P1,Open,Thread Leak,156,3886,132.79,False,False,156,660,Improper event listener cleanup,2023-08-23,2023-08-30
f9f72eed-7b9d-484c-babf-ff2d54a2bc38,Memory leak detected in MobileApp-iOS during stress test,Application memory usage increases steadily over time under load testing conditions.,MobileApp-Android,Staging,Windows 11,Safari 17,Medium,P4,In Progress,Cache Leak,344,2757,144.71,False,True,486,565,Thread pool mismanagement,2023-08-19,2023-09-16
f2643493-8b3e-46c9-bb36-25ae4fc976ff,Memory leak detected in MobileApp-iOS during stress test,Application memory usage increases steadily over time under load testing conditions.,Data-Pipeline,Development,Ubuntu 20.04,N/A,High,P1,Open,Heap Leak,469,2692,58.77,True,True,461,290,Unclosed file streams,2023-11-25,2023-11-29
6f56759d-1284-4cf1-85ad-377dffc39502,Memory leak detected in ML-Service during stress test,Application memory usage increases steadily over time under load testing conditions.,MobileApp-Android,Production,Ubuntu 22.04,N/A,Low,P3,Open,File Handle Leak,414,5054,88.29,False,False,1,493,Improper event listener cleanup,2023-05-06,2023-05-28
14b71910-7c02-4331-8616-6249b2d2d585,Memory leak detected in MobileApp-iOS during stress test,Application memory usage increases steadily over time under load testing conditions.,Data-Pipeline,Staging,macOS Ventura,Firefox 122,Critical,P2,Open,Cache Leak,469,3009,115.8,False,True,456,251,Unclosed file streams,2023-04-06,
0807c3e2-3cf5-4703-a385-3c47f57a1e91,Memory leak detected in MobileApp-iOS during stress test,Application memory usage increases steadily over time under load testing conditions.,API-Gateway,Development,Ubuntu 22.04,N/A,Low,P4,Open,Thread Leak,488,4361,39.97,True,True,211,888,Unreleased object references,2023-01-24,2023-02-05
876632ab-f9ba-447b-a7d3-0194b30b1d98,Memory leak detected in ML-Service during stress test,Application memory usage increases steadily over time under load testing conditions.,API-Gateway,Production,Windows 11,Firefox 122,Medium,P3,Resolved,Heap Leak,137,6550,19.88,True,False,6,941,Thread pool mismanagement,2023-04-15,2023-05-03
91bc47c6-ec00-453f-90ee-1a242782678e,Memory leak detected in API-Gateway during stress test,Application memory usage increases steadily over time under load testing conditions.,MobileApp-Android,Development,Ubuntu 20.04,Firefox 122,Low,P4,Resolved,Thread Leak,429,2797,90.35,True,True,244,706,Unclosed file streams,2023-07-29,
c729ef20-d731-4f92-9613-58e2024a925d,Memory leak detected in API-Gateway during stress test,Application memory usage increases steadily over time under load testing conditions.,MobileApp-Android,Staging,Ubuntu 20.04,Chrome 121,Low,P3,Resolved,Heap Leak,456,6704,110.66,False,False,479,366,Unbounded caching mechanism,2023-10-05,
75b74f3a-ef4e-41e8-b825-b5fc5a8fc1bf,Memory leak detected in ML-Service during stress test,Application memory usage increases steadily over time under load testing conditions.,WebApp-Core,Production,Ubuntu 20.04,Firefox 122,Medium,P3,In Progress,Heap Leak,149,6553,147.2,True,True,424,215,Improper event listener cleanup,2023-10-12,2023-10-13
0eef403f-0ccd-4e70-89f9-a21788b4c9f3,Memory leak detected in MobileApp-Android during stress test,Application memory usage increases steadily over time under load testing conditions.,WebApp-Core,Development,Android 13,Firefox 122,High,P2,Closed,GPU Memory Leak,330,5920,37.72,True,True,243,388,Unreleased object references,2023-03-09,2023-03-11
6da2e74f-b4e4-4f1f-a726-0207713ec806,Memory leak detected in API-Gateway during stress test,Application memory usage increases steadily over time under load testing conditions.,WebApp-Core,Development,iOS 17,Firefox 122,Medium,P4,In Progress,Cache Leak,450,1934,127.22,True,False,118,717,Improper event listener cleanup,2023-03-29,2023-04-16
31c50104-38b4-489f-b1bf-5e8bdda1a981,Memory leak detected in ML-Service during stress test,Application memory usage increases steadily over time under load testing conditions.,ML-Service,Staging,Ubuntu 22.04,Firefox 122,Medium,P1,Closed,GPU Memory Leak,446,5046,81.98,False,False,162,267,Thread pool mismanagement,2023-05-17,2023-06-09
d2edc49c-d0d4-474a-ac62-f24988a0723f,Memory leak detected in MobileApp-iOS during stress test,Application memory usage increases steadily over time under load testing conditions.,API-Gateway,Production,Ubuntu 22.04,Chrome 121,Low,P3,Open,GPU Memory Leak,110,6822,33.46,True,False,203,932,Circular dependency in service layer,2023-04-20,2023-05-16
fc177ef6-dfe1-44e7-aff4-40701fb5413c,Memory leak detected in ML-Service during stress test,Application memory usage increases steadily over time under load testing conditions.,MobileApp-Android,Development,Windows 11,Chrome 121,Low,P3,Open,File Handle Leak,127,1607,80.1,True,False,134,341,Thread pool mismanagement,2023-10-25,2023-11-21
1fe4a23d-6c0f-4490-8b0f-f83fd2d17022,Memory leak detected in MobileApp-Android during stress test,Application memory usage increases steadily over time under load testing conditions.,MobileApp-Android,Development,Android 13,Chrome 121,Medium,P1,Open,Cache Leak,351,4003,128.29,True,False,236,169,Circular dependency in service layer,2023-03-11,2023-03-13
25389398-bd4b-444d-ba3c-b2cc12040595,Memory leak detected in WebApp-Core during stress test,Application memory usage increases steadily over time under load testing conditions.,Data-Pipeline,Production,Windows 10,Chrome 121,Low,P2,In Progress,Thread Leak,116,745,115.99,True,True,353,195,Unbounded caching mechanism,2023-05-22,2023-06-02
b941a303-f163-4f08-ae39-eba8fab3dded,Memory leak detected in Data-Pipeline during stress test,Application memory usage increases steadily over time under load testing conditions.,Data-Pipeline,Production,Windows 10,Firefox 122,High,P2,Closed,Heap Leak,431,4915,58.87,False,False,134,164,Unreleased object references,2023-02-20,2023-03-21
c9eff57a-fa31-4876-9dbd-35cda1b101a4,Memory leak detected in MobileApp-iOS during stress test,Application memory usage increases steadily over time under load testing conditions.,API-Gateway,Production,iOS 17,Chrome 121,Medium,P3,Resolved,Thread Leak,395,5973,83.3,True,False,195,481,Unreleased object references,2023-10-07,2023-10-27
b363e5b1-6fa1-46c8-a784-1554ef73cb03,Memory leak detected in Data-Pipeline during stress test,Application memory usage increases steadily over time under load testing conditions.,MobileApp-iOS,Development,Ubuntu 22.04,Edge 120,High,P4,Resolved,Thread Leak,406,861,12.08,False,True,208,387,Thread pool mismanagement,2023-09-17,2023-09-18
cba1df55-90c3-4afd-80bb-318fcbe402b1,Memory leak detected in MobileApp-iOS during stress test,Application memory usage increases steadily over time under load testing conditions.,MobileApp-iOS,Production,Windows 10,Edge 120,High,P3,Closed,Heap Leak,237,7034,79.19,True,False,28,417,Improper event listener cleanup,2023-03-04,2023-03-09
b92ac06f-73d4-4903-aef6-a5af87064417,Memory leak detected in MobileApp-iOS during stress test,Application memory usage increases steadily over time under load testing conditions.,WebApp-Core,Production,iOS 17,N/A,Medium,P3,Open,Heap Leak,385,5531,71.7,False,True,476,126,Unbounded caching mechanism,2023-05-04,2023-06-01
eb5814cd-a81e-4f32-a151-d69940bd8dfd,Memory leak detected in Data-Pipeline during stress test,Application memory usage increases steadily over time under load testing conditions.,WebApp-Core,Staging,Android 13,Edge 120,Medium,P1,Closed,GPU Memory Leak,384,7792,137.71,True,False,368,783,Improper event listener cleanup,2023-05-10,2023-05-14
23f5b6d9-e2b2-4158-b491-decc85ddbb92,Memory leak detected in WebApp-Core during stress test,Application memory usage increases steadily over time under load testing conditions.,MobileApp-Android,Production,Ubuntu 22.04,N/A,High,P3,Resolved,Cache Leak,224,2693,27.45,False,True,11,249,Unbounded caching mechanism,2023-09-28,2023-10-11
977e33c7-d442-47cc-b164-d31f1164b3e6,Memory leak detected in WebApp-Core during stress test,Application memory usage increases steadily over time under load testing conditions.,MobileApp-iOS,Staging,Windows 10,Safari 17,Low,P1,Resolved,Cache Leak,370,7422,67.48,True,False,485,769,Unclosed file streams,2023-03-08,2023-04-01
f43f882c-92de-4da8-8468-484fc4ae6edc,Memory leak detected in Data-Pipeline during stress test,Application memory usage increases steadily over time under load testing conditions.,Data-Pipeline,Staging,Ubuntu 20.04,N/A,Medium,P2,In Progress,Heap Leak,306,2028,119.36,True,False,194,316,Unbounded caching mechanism,2023-05-29,2023-05-31
e870af4f-b8f1-4810-b347-dbc328f2818a,Memory leak detected in WebApp-Core during stress test,Application memory usage increases steadily over time under load testing conditions.,MobileApp-Android,Production,Windows 10,Edge 120,Medium,P3,Resolved,File Handle Leak,371,5216,78.26,True,False,313,852,Circular dependency in service layer,2023-05-24,2023-06-10
129a1ed5-b471-4405-8015-9d712f829cce,Memory leak detected in WebApp-Core during stress test,Application memory usage increases steadily over time under load testing conditions.,MobileApp-iOS,Development,Windows 11,Firefox 122,Medium,P2,In Progress,Thread Leak,248,807,104.59,False,False,453,726,Unreleased object references,2023-02-01,2023-02-12
3342ab5c-eaeb-482a-8bad-d5fb7b401eb8,Memory leak detected in Data-Pipeline during stress test,Application memory usage increases steadily over time under load testing conditions.,ML-Service,Staging,macOS Ventura,Safari 17,Low,P4,In Progress,GPU Memory Leak,152,1658,18.06,True,True,253,222,Improper event listener cleanup,2023-07-22,2023-08-17
9117f920-a56e-4810-91a1-ed3e4e2b7ae1,Memory leak detected in Data-Pipeline during stress test,Application memory usage increases steadily over time under load testing conditions.,WebApp-Core,Development,iOS 17,N/A,Critical,P2,Closed,Heap Leak,308,821,128.95,False,False,399,566,Circular dependency in service layer,2023-07-27,2023-08-04
d201c560-0e99-45d8-96d1-9f6779a0b1ef,Memory leak detected in WebApp-Core during stress test,Application memory usage increases steadily over time under load testing conditions.,WebApp-Core,Production,Windows 10,Edge 120,Critical,P4,In Progress,Thread Leak,194,7967,35.26,True,True,353,387,Unclosed file streams,2023-09-26,2023-09-27
c8951d44-262d-4215-8477-cec386bcae35,Memory leak detected in ML-Service during stress test,Application memory usage increases steadily over time under load testing conditions.,WebApp-Core,Production,Ubuntu 22.04,Chrome 121,Medium,P1,Resolved,Thread Leak,473,2661,46.13,False,True,454,60,Unreleased object references,2023-08-30,2023-09-15
ba4b71e4-3c03-44d5-8260-c378fc911005,Memory leak detected in ML-Service during stress test,Application memory usage increases steadily over time under load testing conditions.,MobileApp-iOS,Development,macOS Ventura,Edge 120,Medium,P3,Closed,Thread Leak,369,1509,97.7,False,False,430,28,Thread pool mismanagement,2023-06-09,2023-07-05
13972c0d-9615-4cc4-9e2f-f352ae7dccdd,Memory leak detected in MobileApp-Android during stress test,Application memory usage increases steadily over time under load testing conditions.,MobileApp-Android,Production,macOS Ventura,N/A,Medium,P4,In Progress,Cache Leak,187,2095,123.17,False,False,173,429,Unreleased object references,2023-03-13,2023-03-27
d89dca6b-be36-438e-80cb-04a3bd2c3be8,Memory leak detected in MobileApp-iOS during stress test,Application memory usage increases steadily over time under load testing conditions.,MobileApp-Android,Production,macOS Ventura,Safari 17,Low,P2,Open,File Handle Leak,481,6196,129.31,True,False,480,405,Unbounded caching mechanism,2023-02-17,2023-02-19
e8743322-c418-4d06-827c-ca7ec6b75e1f,Memory leak detected in WebApp-Core during stress test,Application memory usage increases steadily over time under load testing conditions.,Data-Pipeline,Development,Ubuntu 22.04,Chrome 121,Low,P3,Open,Thread Leak,365,879,105.58,True,False,200,408,Thread pool mismanagement,2023-08-11,2023-09-04
f977c537-f76d-40fd-85d3-37dcb4c9cabf,Memory leak detected in API-Gateway during stress test,Application memory usage increases steadily over time under load testing conditions.,WebApp-Core,Staging,Android 13,Firefox 122,Low,P3,In Progress,File Handle Leak,297,723,27.33,False,False,27,838,Unbounded caching mechanism,2023-02-15,2023-03-12
c4b42096-1fdd-42aa-a151-e7f97893399a,Memory leak detected in API-Gateway during stress test,Application memory usage increases steadily over time under load testing conditions.,API-Gateway,Production,Android 13,Firefox 122,Medium,P2,Resolved,Heap Leak,155,5186,75.38,True,True,156,918,Thread pool mismanagement,2023-09-18,2023-10-02
75ae04d6-be6b-45c0-a7e1-6bb5694d2e38,Memory leak detected in MobileApp-Android during stress test,Application memory usage increases steadily over time under load testing conditions.,API-Gateway,Production,macOS Ventura,N/A,Medium,P1,Open,GPU Memory Leak,199,6891,54.68,True,False,315,742,Unreleased object references,2023-01-03,2023-01-18
374f05bf-2935-4c5e-9e09-f074627ebe5a,Memory leak detected in WebApp-Core during stress test,Application memory usage increases steadily over time under load testing conditions.,ML-Service,Development,macOS Ventura,Edge 120,Low,P2,Resolved,Thread Leak,331,3535,105.21,True,True,366,464,Unclosed file streams,2023-01-28,
c85447e3-5f8b-4d18-874e-cee91e6e836d,Memory leak detected in ML-Service during stress test,Application memory usage increases steadily over time under load testing conditions.,Data-Pipeline,Staging,iOS 17,N/A,Critical,P2,Closed,Heap Leak,406,6694,107.39,False,True,275,803,Unclosed file streams,2023-10-26,2023-11-08
4bc30282-d5cf-4ea4-90fc-e6c28a0b13e8,Memory leak detected in WebApp-Core during stress test,Application memory usage increases steadily over time under load testing conditions.,MobileApp-iOS,Development,iOS 17,N/A,High,P3,In Progress,GPU Memory Leak,175,2533,52.9,True,True,430,800,Improper event listener cleanup,2023-10-24,2023-11-12
bf386b4e-00df-4c02-8b0d-7d2516b9f7d1,Memory leak detected in WebApp-Core during stress test,Application memory usage increases steadily over time under load testing conditions.,API-Gateway,Production,Android 13,Chrome 121,Critical,P3,Closed,Heap Leak,306,4021,86.77,False,False,498,914,Unreleased object references,2023-05-31,2023-06-25
4de3bd06-94cc-4a94-a6f8-d4ebcb5e4b95,Memory leak detected in Data-Pipeline during stress test,Application memory usage increases steadily over time under load testing conditions.,MobileApp-Android,Production,macOS Ventura,Firefox 122,High,P2,In Progress,Thread Leak,258,2268,86.44,True,True,429,839,Unclosed file streams,2023-11-25,2023-12-19
8cf8cb16-ebfe-4673-8ba8-68dd61eeabba,Memory leak detected in MobileApp-Android during stress test,Application memory usage increases steadily over time under load testing conditions.,Data-Pipeline,Production,macOS Ventura,Safari 17,High,P4,In Progress,Cache Leak,439,7768,22.08,False,True,223,677,Unclosed file streams,2023-01-02,2023-01-16
5b0841fc-ab03-44bf-aaf9-f425ed5776e7,Memory leak detected in Data-Pipeline during stress test,Application memory usage increases steadily over time under load testing conditions.,WebApp-Core,Development,Windows 10,N/A,Critical,P1,Open,GPU Memory Leak,293,5193,54.98,True,False,293,345,Unreleased object references,2023-02-17,2023-03-02
1f10af3b-e511-45dc-9370-2bcbdf595f93,Memory leak detected in MobileApp-Android during stress test,Application memory usage increases steadily over time under load testing conditions.,ML-Service,Staging,iOS 17,N/A,High,P4,Open,GPU Memory Leak,304,2687,83.51,False,True,1,7,Circular dependency in service layer,2023-05-09,2023-06-03
88ba5f2d-4678-4562-b7fe-d33e2d9a2daa,Memory leak detected in WebApp-Core during stress test,Application memory usage increases steadily over time under load testing conditions.,WebApp-Core,Staging,macOS Ventura,Firefox 122,Low,P4,In Progress,Thread Leak,299,7932,14.08,False,True,25,969,Unreleased object references,2023-09-21,2023-10-04
